school,sex,age,address,famsize,Pstatus,Medu,Fedu,Mjob,Fjob,reason,guardian,traveltime,studytime,failures,schoolsup,famsup,paid,activities,nursery,higher,internet,romantic,famrel,freetime,goout,Dalc,Walc,health,absences,G1,G2,G3,statut_reussite,Prediction_Risque,Prediction_Note,Type_Alerte
0,0,18,1,0,0,4,4,0,4,0,1,2,2,0,1,0,0,0,1,1,0,0,4,3,4,1,1,3,4,0,11,11,1,1,10.66,Normal
0,0,17,1,0,1,1,1,0,2,0,0,1,2,0,0,1,0,0,0,1,1,0,5,3,3,1,1,3,2,9,11,11,1,1,11.01,Normal
0,0,15,1,1,1,1,1,0,2,2,1,1,2,0,1,0,0,0,1,1,1,0,4,3,2,2,3,3,6,12,13,12,1,1,12.92,Normal
0,0,15,1,0,1,4,2,1,3,1,1,1,3,0,0,1,0,1,1,1,1,1,3,2,2,1,1,5,0,14,14,14,1,1,14.51,Normal
0,0,16,1,0,1,3,3,2,2,1,0,1,2,0,0,1,0,0,1,1,0,0,4,3,2,1,2,5,0,11,13,13,1,1,13.03,Normal
0,1,16,1,1,1,4,3,3,2,3,1,1,2,0,0,1,0,1,1,1,1,0,5,4,2,1,2,5,6,12,12,13,1,1,12.86,Normal
0,1,16,1,1,1,2,2,2,2,1,1,1,2,0,0,0,0,0,1,1,1,0,4,4,4,1,1,3,0,13,12,13,1,1,12.58,Normal
0,0,17,1,0,0,4,4,2,4,1,1,2,2,0,1,1,0,0,1,1,0,0,4,1,4,1,1,1,2,10,13,13,1,1,12.91,Normal
0,1,15,1,1,0,3,2,3,2,1,1,1,2,0,0,1,0,0,1,1,1,0,4,2,2,1,1,1,0,15,16,17,1,1,16.72,Normal
0,1,15,1,0,1,3,4,2,2,1,1,1,2,0,0,1,0,1,1,1,1,0,5,5,1,1,1,5,0,12,12,13,1,1,12.86,Normal
0,0,15,1,0,1,4,4,4,1,3,1,1,2,0,0,1,0,0,1,1,1,0,3,3,3,1,2,2,2,14,14,14,1,1,14.96,Normal
0,0,15,1,0,1,2,1,3,2,3,0,3,3,0,0,1,0,1,1,1,1,0,5,2,2,1,1,4,0,10,12,13,1,1,12.86,Normal
0,1,15,1,1,1,4,4,1,3,0,0,1,1,0,0,1,0,1,1,1,1,0,4,3,3,1,3,5,0,12,13,12,1,1,12.36,Normal
0,1,15,1,0,1,4,3,4,2,0,1,2,2,0,0,1,0,0,1,1,1,0,5,4,3,1,2,3,0,12,12,13,1,1,12.88,Normal
0,1,15,1,0,0,2,2,2,2,1,2,1,3,0,0,1,0,0,1,1,1,1,4,5,2,1,1,3,0,14,14,15,1,1,14.94,Normal
0,0,16,1,0,1,4,4,1,2,1,1,1,1,0,0,1,0,0,1,1,1,0,4,4,4,1,2,2,6,17,17,17,1,1,17.16,Normal
0,0,16,1,0,1,4,4,3,3,3,1,1,3,0,0,1,0,1,1,1,1,0,3,2,3,1,2,2,10,13,13,14,1,1,13.74,Normal
0,0,16,1,0,1,3,3,2,2,3,1,3,2,0,1,1,0,1,1,1,0,0,5,3,2,1,1,4,2,13,14,14,1,1,13.92,Normal
0,1,17,1,0,1,3,2,3,3,0,1,1,1,3,0,1,1,1,1,1,1,0,5,5,5,2,4,5,2,8,8,7,0,0,6.86,CRITIQUE
0,1,16,1,1,1,4,3,1,2,1,0,1,1,0,0,0,0,1,1,1,1,0,3,1,3,1,3,5,6,12,12,12,1,1,12.38,Normal
0,1,15,1,0,1,4,3,4,2,3,1,1,2,0,0,0,0,0,1,1,1,0,4,4,1,1,1,1,0,12,13,14,1,1,13.81,Normal
0,1,15,1,0,1,4,4,1,1,2,0,1,1,0,0,1,1,0,1,1,1,0,5,4,2,1,1,5,0,11,12,12,1,1,12.25,Normal
0,1,16,1,1,1,4,2,4,2,0,1,1,2,0,0,0,0,1,1,1,1,0,4,5,1,1,3,5,0,12,13,14,1,1,13.57,Normal
0,1,16,1,1,1,2,2,2,2,3,1,2,2,0,0,1,0,1,1,1,1,0,5,4,4,2,4,5,2,10,10,10,1,1,10.11,Normal
0,0,15,0,0,1,2,4,3,1,0,1,1,3,0,1,1,0,1,1,1,1,0,4,3,2,1,1,5,2,10,11,10,1,1,11.18,Normal
0,0,16,1,0,1,2,2,3,3,1,1,1,1,0,0,1,0,0,0,1,1,0,1,2,2,1,3,5,6,10,11,12,1,1,11.72,Normal
0,1,15,1,0,1,2,2,2,2,1,1,1,1,0,0,1,0,0,1,1,1,0,4,2,2,1,2,5,8,11,12,12,1,1,12.3,Normal
0,1,15,1,0,1,4,2,1,3,2,1,1,1,0,0,0,0,0,1,1,1,0,2,2,4,2,4,1,0,11,11,11,1,1,11.12,Normal
0,1,16,1,1,0,3,4,3,2,1,1,1,2,0,1,1,1,1,1,1,1,0,5,3,3,1,1,5,2,12,12,13,1,1,12.83,Normal
0,1,16,1,0,1,4,4,4,4,1,1,1,2,0,0,1,1,1,1,1,1,1,4,4,5,5,5,5,4,12,11,12,1,1,11.95,Normal
0,1,15,1,0,1,4,4,1,3,1,1,1,2,0,0,1,1,0,0,1,1,0,5,4,2,3,4,5,0,10,11,11,1,1,11.45,Normal
0,1,15,1,0,1,4,4,3,3,3,1,2,2,0,0,1,0,1,1,1,1,0,4,3,1,1,1,5,2,15,15,15,1,1,15.7,Normal
0,1,15,0,0,1,4,3,4,0,0,1,1,2,0,0,1,0,1,1,1,1,1,4,5,2,1,1,5,0,13,14,15,1,1,14.89,Normal
0,1,15,1,1,1,3,3,2,2,0,1,1,2,0,0,0,0,1,0,1,1,0,5,3,2,1,1,2,0,13,12,12,1,1,12.36,Normal
0,1,16,1,0,1,3,2,2,2,1,1,1,1,0,0,1,0,0,0,1,1,0,5,4,3,1,1,5,4,12,12,12,1,1,12.21,Normal
0,0,15,1,0,1,2,3,2,2,2,0,2,1,0,0,1,0,1,1,1,0,0,3,5,1,1,1,5,4,11,11,11,1,1,11.03,Normal
0,1,15,1,1,1,4,3,4,3,1,1,1,3,0,0,1,0,1,1,1,1,0,5,4,3,1,1,4,0,14,14,14,1,1,14.41,Normal
0,1,16,0,0,0,4,4,2,4,3,1,2,3,0,0,1,0,1,1,1,1,1,2,4,3,1,1,5,4,13,13,13,1,1,13.0,Normal
0,0,15,0,0,1,3,4,3,1,0,1,1,3,0,1,1,0,1,1,1,1,0,4,3,2,1,1,5,2,11,12,12,1,1,12.24,Normal
0,0,15,0,0,1,2,2,0,2,3,1,1,1,0,1,1,0,1,1,1,0,0,4,3,1,1,1,2,8,14,13,12,1,1,13.35,Normal
0,0,16,1,1,1,2,2,2,2,1,1,2,2,0,0,1,0,1,0,1,1,1,3,3,3,1,2,3,16,11,11,10,1,1,10.4,Normal
0,1,15,1,1,1,4,4,4,2,1,2,1,1,0,0,1,0,0,0,1,1,1,5,4,3,2,4,5,8,10,11,11,1,1,11.4,Normal
0,1,15,1,0,1,4,4,3,4,0,0,1,2,0,0,1,0,1,1,1,1,0,4,3,3,1,1,5,0,14,15,15,1,1,15.29,Normal
0,1,15,1,0,1,2,2,3,3,0,0,1,1,0,1,1,0,0,1,1,1,0,5,4,1,1,1,1,0,9,10,10,1,1,9.93,Normal
0,0,16,1,1,1,2,2,2,0,0,0,2,2,1,1,0,0,1,1,1,1,0,4,3,3,2,2,5,14,10,11,11,1,1,10.76,Normal
0,0,15,1,1,0,4,3,2,2,0,1,1,2,0,1,1,1,1,1,1,1,1,5,2,2,1,1,5,4,10,11,11,1,1,11.24,Normal
0,0,16,1,1,0,3,3,2,3,1,1,1,2,0,0,1,0,0,1,1,1,0,2,3,5,1,4,3,6,13,12,13,1,1,12.91,Normal
0,1,16,1,0,1,4,3,1,3,3,1,1,4,0,0,0,0,1,1,1,1,0,4,2,2,1,1,2,2,17,17,17,1,1,17.19,Normal
0,1,15,1,0,1,4,2,4,2,1,1,1,2,0,0,1,0,0,1,1,0,0,4,3,3,2,2,5,4,11,12,13,1,1,12.87,Normal
0,0,15,1,0,1,4,4,3,4,2,0,1,2,0,1,1,0,1,0,1,1,0,4,4,4,1,1,3,2,13,12,12,1,1,12.47,Normal
0,0,16,1,1,1,2,2,3,3,0,1,3,2,0,0,1,0,0,1,1,1,0,4,3,3,2,3,4,0,14,13,13,1,1,13.19,Normal
0,0,15,1,1,1,4,2,1,2,2,1,1,2,0,0,1,0,0,1,1,1,0,4,3,3,1,1,5,0,16,14,16,1,1,15.5,Normal
0,1,15,1,1,0,4,2,1,1,2,0,2,1,0,0,0,0,0,1,1,0,0,5,5,5,3,4,5,4,10,9,9,0,0,9.12,CRITIQUE
0,0,15,1,0,1,4,4,3,3,0,1,1,1,0,1,1,0,0,1,1,1,0,3,3,4,2,3,5,0,13,12,12,1,1,12.17,Normal
0,0,15,1,1,0,3,3,2,2,2,1,1,1,0,0,0,0,0,1,1,1,0,5,3,4,4,4,1,0,13,12,13,1,1,12.89,Normal
0,0,16,1,0,0,2,1,2,2,2,1,1,2,0,0,0,0,1,1,1,1,1,5,3,4,1,1,2,2,12,13,12,1,1,13.46,Normal
0,0,15,1,0,0,4,3,3,3,3,1,1,2,0,0,1,0,1,1,1,1,0,4,3,2,1,1,1,0,15,14,15,1,1,15.13,Normal
0,1,15,1,0,1,4,4,4,1,3,1,1,2,0,0,1,0,1,1,1,0,0,3,2,2,1,1,5,8,15,15,16,1,1,15.87,Normal
0,1,15,1,1,1,1,2,2,0,1,0,1,2,0,1,1,0,1,1,1,1,0,4,3,2,1,1,5,0,14,13,14,1,1,13.31,Normal
0,0,16,1,0,1,4,2,3,2,0,1,1,2,0,0,1,1,0,1,1,1,0,4,2,3,1,1,5,2,16,15,16,1,1,15.94,Normal
0,0,16,0,0,1,4,4,1,4,2,1,1,2,0,0,1,0,1,1,1,0,0,2,4,4,2,3,4,0,17,16,16,1,1,16.48,Normal
0,0,16,1,0,1,1,1,3,3,0,0,4,1,0,1,1,0,1,0,1,1,1,5,5,5,5,5,5,0,10,10,16,1,1,13.48,Normal
0,0,16,1,1,1,1,2,2,3,3,0,1,2,0,1,0,0,1,1,1,1,0,4,4,3,1,1,1,0,13,13,10,1,1,11.1,Normal
0,0,16,1,0,1,4,3,4,1,1,1,1,3,0,1,1,0,1,1,1,1,0,3,4,4,2,4,4,0,14,13,13,1,1,13.35,Normal
0,0,15,1,1,1,4,3,3,3,3,0,1,2,0,1,0,0,1,1,1,1,1,4,4,4,2,4,2,0,13,12,12,1,1,12.03,Normal
0,0,16,1,1,1,4,3,4,3,0,1,3,2,0,0,1,0,1,1,1,1,0,5,4,3,1,2,1,2,16,15,16,1,1,15.32,Normal
0,1,15,1,0,0,4,4,2,3,3,1,1,4,0,0,1,0,1,0,1,1,1,1,3,3,5,5,3,0,11,12,12,1,1,11.79,Normal
0,0,16,1,0,1,3,1,3,2,0,1,1,4,0,1,1,0,0,1,1,1,0,4,3,3,1,2,5,0,10,9,10,1,1,10.19,Normal
0,0,15,0,1,1,2,2,1,3,3,1,2,2,0,1,1,0,0,1,1,1,0,4,1,3,1,3,4,0,11,10,11,1,1,10.8,Normal
0,0,15,0,1,1,3,1,2,2,3,0,2,4,0,0,1,0,0,0,1,1,0,4,4,2,2,3,3,6,15,15,15,1,1,15.9,Normal
0,1,16,1,0,1,3,1,2,2,3,0,2,4,0,0,1,0,0,1,1,1,0,4,3,2,1,1,5,2,13,11,11,1,1,11.3,Normal
0,1,15,1,0,1,4,2,2,2,0,1,1,4,0,0,0,0,0,1,1,1,0,3,3,3,1,1,3,0,11,9,10,1,1,10.19,Normal
0,0,15,0,0,1,1,1,2,2,3,1,1,2,0,1,1,0,0,0,1,1,1,3,3,4,2,4,5,2,13,11,11,1,1,11.41,Normal
0,1,16,1,0,1,3,1,2,2,3,1,1,1,0,0,0,0,1,1,1,0,0,5,3,2,2,2,5,0,13,13,14,1,1,13.67,Normal
0,0,16,1,0,1,3,3,2,3,1,1,1,2,0,1,1,0,1,1,1,1,0,4,3,3,2,4,5,4,11,11,11,1,1,11.09,Normal
0,1,15,1,0,1,4,3,4,2,1,1,1,2,0,0,1,0,1,1,1,1,0,4,3,3,2,3,5,0,11,11,11,1,1,11.13,Normal
0,1,15,1,0,1,4,0,4,2,0,1,2,4,0,0,0,0,1,1,1,1,0,3,4,3,1,1,1,0,12,11,11,1,1,11.32,Normal
0,0,16,1,0,1,2,2,2,2,3,1,1,4,0,0,0,0,0,1,1,1,1,5,2,3,1,3,3,1,13,13,13,1,1,13.35,Normal
0,1,17,1,0,1,2,1,2,2,1,1,2,1,3,1,1,0,1,1,0,1,0,4,5,1,1,1,3,0,9,9,10,1,1,9.53,Normal
0,0,16,1,0,1,3,4,0,2,0,1,1,2,0,0,1,0,0,1,1,1,0,2,4,3,1,2,3,14,12,11,11,1,1,11.06,Normal
0,1,15,1,0,1,2,3,2,3,0,0,1,1,0,1,1,0,1,0,1,1,1,3,2,2,1,3,3,0,11,11,12,1,1,11.75,Normal
0,1,15,1,0,1,2,3,2,2,1,1,1,3,0,1,0,0,0,0,1,1,0,5,3,2,1,2,5,2,10,9,9,0,1,10.13,Normal
0,0,15,1,1,1,3,2,3,2,3,1,1,2,0,0,1,0,0,1,1,1,0,4,4,4,1,1,5,4,12,11,11,1,1,11.17,Normal
0,1,15,1,1,1,2,2,3,3,1,1,2,2,0,0,0,1,1,1,1,1,0,5,3,3,1,3,4,2,13,12,13,1,1,12.89,Normal
0,0,15,1,0,1,1,1,2,2,1,0,1,2,0,0,1,0,1,0,1,1,0,4,3,2,2,3,4,2,13,12,12,1,1,12.26,Normal
0,0,15,1,0,1,4,4,3,3,3,0,2,2,0,0,0,0,0,1,1,1,1,4,4,4,2,3,5,4,12,11,12,1,1,11.84,Normal
0,0,16,1,1,1,2,2,0,2,0,1,1,2,0,0,1,0,0,1,1,0,0,4,3,4,1,2,2,6,13,11,11,1,1,11.05,Normal
0,0,15,1,0,1,4,2,2,2,3,1,1,3,0,0,1,0,1,1,1,1,0,5,3,3,1,3,1,4,15,15,15,1,1,15.29,Normal
0,1,16,1,0,1,2,2,3,2,3,0,2,2,0,0,0,0,1,0,1,1,0,4,4,2,1,1,3,6,12,10,11,1,1,10.85,Normal
0,1,16,1,1,0,4,4,4,1,3,1,1,2,0,0,1,0,0,1,1,0,0,4,1,3,3,5,5,6,9,9,10,1,1,9.79,Normal
0,0,16,1,0,1,3,3,2,2,1,1,1,3,0,0,1,0,0,1,1,1,1,4,3,3,1,3,4,2,9,11,11,1,1,11.06,Normal
0,0,15,1,0,1,4,3,3,2,3,1,1,1,0,0,0,0,1,1,1,1,0,4,5,5,1,3,1,6,14,13,13,1,1,13.21,Normal
0,0,16,1,1,1,3,1,2,2,1,0,1,2,0,1,1,0,0,1,1,0,0,3,3,3,2,3,2,0,12,13,12,1,1,12.53,Normal
0,0,16,1,0,1,4,2,4,3,1,1,2,2,0,0,1,0,1,1,1,1,0,5,3,3,1,1,1,2,13,14,14,1,1,14.05,Normal
0,1,15,1,1,1,2,2,3,1,3,1,1,4,0,0,1,0,1,1,1,1,0,4,3,4,1,1,4,2,11,12,12,1,1,12.29,Normal
0,0,15,0,0,1,1,1,0,2,1,1,2,4,0,1,1,1,1,1,1,1,0,3,1,2,1,1,1,4,13,13,13,1,1,12.83,Normal
0,1,16,0,0,1,4,3,3,2,3,1,2,1,0,1,1,1,1,0,1,1,0,3,3,3,1,1,4,6,9,11,11,1,1,11.14,Normal
0,0,16,1,0,1,2,1,2,2,0,1,1,2,0,0,1,0,0,1,1,0,1,4,3,5,1,1,5,0,13,12,12,1,1,12.34,Normal
0,0,16,1,0,1,4,4,2,2,3,1,1,1,0,0,0,0,1,0,1,1,0,5,3,4,1,2,1,4,12,13,13,1,1,13.15,Normal
0,0,16,1,0,1,4,3,2,0,0,1,1,3,0,1,1,0,0,1,1,1,0,5,3,5,1,1,3,2,12,13,13,1,1,13.05,Normal
0,1,16,1,0,1,4,4,3,3,2,1,1,1,0,1,1,0,1,1,1,1,0,4,5,5,5,5,4,12,9,9,8,0,0,8.21,CRITIQUE
0,1,16,1,0,1,4,4,3,4,2,0,1,3,0,0,1,0,1,1,1,1,1,4,4,3,1,1,4,0,16,16,16,1,1,16.5,Normal
0,1,15,1,0,1,4,4,3,2,0,1,1,1,0,0,1,1,1,0,1,1,0,5,3,3,1,1,5,2,12,13,12,1,1,12.24,Normal
0,0,15,1,0,1,3,2,3,2,1,1,2,2,0,1,1,0,0,1,1,1,0,4,3,5,1,1,2,16,11,10,10,1,1,10.16,Normal
0,1,15,1,0,0,3,4,3,2,0,1,1,2,0,0,1,0,1,1,1,1,0,5,4,4,1,1,1,0,16,16,16,1,1,16.19,Normal
0,0,15,1,0,0,3,3,2,1,3,0,1,4,0,1,0,0,0,1,1,0,0,4,3,3,1,1,4,10,10,10,10,1,1,10.1,Normal
0,0,15,1,0,1,2,2,2,2,0,1,1,4,0,1,1,0,0,1,1,1,0,5,1,2,1,1,3,4,10,10,10,1,1,10.17,Normal
0,1,16,1,0,1,3,3,3,2,1,0,1,3,0,0,1,0,1,1,1,1,0,5,3,3,1,1,5,4,13,14,14,1,1,14.18,Normal
0,1,15,0,0,1,4,4,2,2,1,0,4,4,0,0,1,0,1,1,1,1,1,1,3,5,3,5,1,8,12,10,11,1,1,10.58,Normal
0,0,16,1,1,1,4,4,1,1,2,1,1,3,0,0,1,0,1,1,1,1,1,5,4,5,1,1,4,2,15,15,14,1,1,15.63,Normal
0,1,15,1,1,0,4,4,4,4,0,1,1,1,0,0,0,0,1,1,1,1,0,5,5,3,1,1,4,4,13,14,14,1,1,14.34,Normal
0,0,16,0,0,1,3,3,3,2,3,0,1,3,0,1,1,0,1,1,1,1,0,4,1,2,1,1,2,4,11,11,11,1,1,11.03,Normal
0,0,16,1,0,1,2,2,0,2,1,1,1,2,1,1,0,0,1,1,1,1,0,3,1,2,1,1,5,12,8,10,10,1,1,9.98,Normal
0,1,15,1,1,1,4,2,4,2,0,1,1,1,0,0,0,0,0,1,1,1,0,3,5,2,1,1,3,10,18,17,18,1,1,17.9,Normal
0,1,15,0,0,1,2,1,1,3,3,1,1,2,0,0,0,0,1,1,1,1,1,5,4,2,1,1,5,4,10,9,10,1,1,10.03,Normal
0,1,16,1,0,1,4,4,4,4,0,0,1,2,0,0,1,0,1,1,1,1,0,5,4,4,1,2,5,6,16,14,14,1,1,14.6,Normal
0,1,15,1,0,1,4,4,2,4,3,0,2,2,0,0,1,0,1,1,1,0,0,4,4,3,1,1,2,4,16,15,16,1,1,15.77,Normal
0,1,16,1,0,1,3,3,2,3,1,0,2,1,0,0,0,0,1,1,1,1,0,5,4,2,1,1,5,6,14,14,15,1,1,14.93,Normal
0,1,17,0,0,1,1,3,2,2,0,0,3,2,1,0,1,0,1,1,1,1,0,5,2,4,1,4,5,14,12,11,11,1,1,11.17,Normal
0,1,15,1,0,1,3,4,2,2,3,0,1,1,0,0,0,0,0,1,1,1,0,3,4,3,1,2,4,2,14,13,14,1,1,13.6,Normal
0,0,15,1,0,1,1,2,0,3,0,1,1,2,0,0,0,0,0,0,1,1,0,3,2,3,1,2,1,0,14,14,14,1,1,14.5,Normal
0,1,15,1,0,1,2,2,3,3,1,0,1,4,0,0,1,0,1,1,1,1,0,5,5,4,1,2,5,6,14,13,13,1,1,13.16,Normal
0,0,16,1,1,1,2,4,2,1,0,0,2,2,0,0,1,0,1,1,1,1,1,4,2,2,1,2,5,2,14,12,13,1,1,12.85,Normal
0,1,16,1,0,1,4,4,1,2,0,1,1,1,0,0,1,0,1,1,1,1,0,3,4,4,1,4,5,4,12,13,13,1,1,12.9,Normal
0,0,16,1,0,1,2,2,2,2,1,1,1,2,0,0,0,0,0,1,1,1,1,5,4,4,1,1,5,0,12,11,11,1,1,11.17,Normal
0,1,15,1,0,1,3,4,3,3,1,0,1,1,0,1,0,0,0,1,1,1,0,5,5,5,3,2,5,2,9,9,9,0,0,9.07,CRITIQUE
0,0,15,1,1,0,3,4,2,2,1,1,1,2,0,1,0,0,1,1,1,1,1,5,3,2,1,1,1,0,10,11,11,1,1,11.09,Normal
0,0,19,1,0,1,0,1,0,2,0,2,1,2,2,0,1,0,0,0,0,0,0,3,4,2,1,1,5,0,9,10,11,1,1,10.48,Normal
0,1,16,0,0,1,4,4,4,4,0,1,1,1,0,0,0,0,1,1,1,1,0,3,5,5,2,5,4,8,14,14,15,1,1,14.96,Normal
0,1,16,1,0,1,2,3,2,2,0,1,2,3,0,0,1,0,0,0,1,1,1,3,2,3,2,2,1,4,13,12,13,1,1,13.05,Normal
0,0,15,0,0,1,3,4,3,4,0,0,2,3,0,0,1,0,0,1,1,1,1,4,2,2,2,2,5,0,10,11,12,1,1,11.74,Normal
0,0,18,1,0,1,2,1,3,2,3,1,1,2,3,0,1,0,1,1,0,1,1,5,4,5,1,3,5,10,10,9,8,0,1,9.95,Normal
0,0,17,1,1,0,2,1,2,2,0,1,3,1,0,0,1,0,0,1,1,1,0,3,2,2,1,2,5,8,11,10,11,1,1,10.27,Normal
0,0,15,1,0,1,1,1,0,2,0,1,3,1,0,0,1,0,1,0,1,1,1,4,3,3,1,2,4,6,11,12,13,1,1,12.75,Normal
0,0,17,1,1,1,2,2,2,2,0,0,1,1,0,0,1,0,0,1,1,1,1,3,4,4,1,3,5,2,13,12,12,1,1,12.3,Normal
0,0,16,1,0,0,3,4,3,2,0,0,1,1,0,0,0,0,0,1,1,1,0,3,2,1,1,4,5,12,15,13,14,1,1,13.21,Normal
0,1,16,1,0,1,2,1,0,2,0,1,4,1,0,0,0,0,0,1,1,0,0,3,2,1,1,1,2,4,9,9,11,1,1,10.56,Normal
0,0,16,1,0,0,2,2,2,2,1,1,1,1,1,0,0,0,0,1,1,0,0,5,3,4,1,1,5,12,13,11,11,1,1,11.06,Normal
0,1,15,0,0,1,3,4,0,4,0,1,4,2,0,0,1,0,0,1,1,0,1,5,3,3,1,1,5,2,12,11,11,1,1,11.22,Normal
0,0,15,1,0,1,4,4,3,0,0,1,1,3,0,0,1,0,1,1,1,1,1,4,3,3,1,1,5,4,13,14,15,1,1,14.79,Normal
0,1,17,0,0,1,3,4,0,2,0,1,3,2,0,0,0,0,0,1,1,0,0,5,4,5,2,4,5,2,10,9,10,1,1,9.91,Normal
0,0,16,0,0,1,1,1,0,2,0,1,4,2,0,0,1,0,0,1,1,0,0,5,1,3,1,1,3,0,14,13,13,1,1,13.0,Normal
0,1,18,1,1,1,3,1,3,3,0,1,2,1,0,0,0,0,1,1,1,1,1,3,3,4,4,5,4,2,11,11,12,1,1,11.84,Normal
0,0,18,1,0,0,3,2,2,3,0,2,1,3,0,0,1,0,1,0,1,1,1,4,3,3,5,1,5,10,12,11,11,1,1,11.25,Normal
0,0,16,0,0,1,1,1,2,3,3,1,2,1,0,0,1,0,1,1,1,0,1,3,3,3,1,2,1,8,12,11,11,1,1,11.04,Normal
0,0,16,1,0,0,3,3,2,2,0,2,2,1,0,0,1,0,1,0,1,1,1,4,3,2,1,1,5,4,9,9,10,1,1,9.71,Normal
0,1,16,1,1,1,1,1,3,2,0,1,1,2,2,0,0,0,0,1,1,0,1,4,4,4,1,3,5,0,10,10,10,1,1,10.06,Normal
0,0,15,1,0,1,4,4,4,4,0,1,2,1,0,0,0,0,1,1,1,1,0,4,3,2,1,1,5,6,13,14,14,1,1,14.12,Normal
0,0,15,0,0,1,1,1,2,2,0,1,3,1,1,0,0,0,1,1,1,1,1,5,5,5,1,1,1,2,8,9,9,0,0,9.32,CRITIQUE
0,1,15,1,0,1,4,3,4,3,0,0,2,4,0,1,1,0,0,1,1,1,0,2,2,2,1,1,3,6,9,11,11,1,1,10.97,Normal
0,0,15,1,0,0,3,3,3,3,1,1,1,2,0,0,0,0,0,0,1,0,1,1,3,2,2,3,1,24,9,8,9,0,0,8.85,CRITIQUE
0,1,16,1,0,1,4,4,3,3,0,1,1,3,0,0,1,0,1,1,1,1,0,5,3,3,1,3,5,0,15,13,13,1,1,13.04,Normal
0,1,16,1,1,1,2,2,3,3,3,0,2,1,0,0,1,0,1,1,1,1,0,2,3,3,2,2,2,4,12,11,11,1,1,10.98,Normal
0,0,15,1,0,1,4,4,4,3,0,1,1,3,0,0,1,0,1,1,1,1,0,4,2,2,1,1,5,2,13,13,13,1,1,13.03,Normal
0,0,16,1,1,1,1,1,0,0,0,1,1,1,0,0,0,0,0,1,1,1,0,3,4,4,3,3,1,4,10,11,11,1,1,11.02,Normal
0,1,17,1,0,1,2,1,2,2,1,1,1,1,0,0,1,0,0,1,1,1,0,5,4,5,1,2,5,22,9,7,6,0,0,6.64,CRITIQUE
0,0,15,1,0,1,1,1,2,3,0,0,1,2,0,0,1,0,0,1,1,1,0,4,4,2,1,2,5,0,12,12,12,1,1,12.19,Normal
0,0,15,1,1,0,2,1,0,2,1,1,2,1,0,0,1,0,1,1,0,1,1,4,4,2,1,1,5,0,11,10,10,1,1,10.1,Normal
0,0,15,1,0,1,3,2,1,3,1,0,1,2,1,0,1,0,0,1,1,1,0,3,3,2,1,1,3,2,11,11,11,1,1,10.59,Normal
0,0,15,1,0,1,1,2,0,2,0,1,1,2,0,0,1,0,0,0,1,1,0,4,3,2,1,1,5,6,13,12,13,1,1,12.84,Normal
0,0,15,1,0,1,1,2,0,3,0,0,1,2,0,0,0,0,0,0,1,0,1,2,3,4,2,4,1,6,11,11,11,1,1,11.09,Normal
0,1,16,1,0,1,4,4,4,4,0,1,1,1,0,0,1,0,0,1,0,1,1,3,3,2,2,1,5,16,9,9,8,0,0,8.65,CRITIQUE
0,1,15,1,1,0,2,1,3,2,0,1,4,1,0,0,0,0,0,1,1,1,0,4,5,5,2,5,5,0,12,11,11,1,1,11.11,Normal
0,1,18,1,1,1,1,1,2,2,0,1,1,1,2,0,0,0,0,1,0,1,1,2,3,5,2,5,4,0,11,9,0,0,1,10.3,Normal
0,1,16,1,1,1,2,1,0,2,0,1,1,1,1,0,0,0,1,1,1,0,1,4,4,4,3,5,5,6,9,10,10,1,1,10.07,Normal
0,0,15,0,0,1,3,3,3,3,3,2,2,3,0,0,1,1,1,1,1,1,1,4,2,1,2,3,3,2,13,13,13,1,1,13.48,Normal
0,1,19,1,0,1,3,2,3,0,1,1,1,1,0,0,1,0,0,1,0,1,1,4,5,4,1,1,4,6,11,9,11,1,1,10.7,Normal
0,0,17,1,0,1,4,4,2,4,0,1,1,1,0,1,1,0,0,1,1,0,1,4,2,1,1,1,4,0,13,13,13,1,1,13.14,Normal
0,1,15,0,0,1,2,3,0,3,0,1,1,2,0,1,0,1,1,1,1,0,0,4,4,4,1,1,1,0,7,8,8,0,0,7.99,CRITIQUE
0,1,17,0,1,1,1,2,2,2,3,1,1,1,3,0,0,0,0,1,1,0,0,2,2,2,3,3,5,14,9,8,10,1,1,9.15,Normal
0,0,18,0,0,1,1,1,0,2,0,1,3,1,3,0,1,0,1,0,1,0,0,5,2,5,1,5,4,6,11,10,11,1,1,10.79,Normal
0,1,16,0,0,1,2,2,0,2,0,1,3,1,0,0,0,0,0,0,1,0,0,4,2,2,1,2,3,4,12,10,11,1,1,10.81,Normal
0,1,16,1,0,1,3,3,2,3,0,0,1,2,1,0,1,0,0,1,1,1,1,4,5,5,4,4,5,0,10,10,1,0,0,5.02,CRITIQUE
0,1,16,1,1,1,1,2,1,3,0,1,2,1,2,0,0,0,0,0,1,1,0,4,4,5,3,5,5,0,9,8,10,1,1,8.96,Normal
0,1,17,0,1,1,2,1,0,2,0,1,2,1,1,0,0,1,1,1,0,1,1,3,3,2,2,2,5,8,8,8,9,0,0,8.16,CRITIQUE
0,1,17,0,0,1,3,2,2,2,0,1,2,2,2,1,1,0,0,1,1,1,1,4,4,4,1,4,3,4,7,6,8,0,0,7.74,CRITIQUE
0,1,15,1,1,1,1,2,2,2,0,1,2,1,0,0,0,0,1,1,1,0,0,4,4,4,2,4,5,2,8,9,10,1,0,9.51,CRITIQUE
0,1,16,1,0,1,1,3,0,3,0,0,1,1,1,0,0,0,0,1,0,1,0,5,3,3,1,4,2,2,9,8,8,0,0,8.38,CRITIQUE
0,1,17,0,1,1,1,1,2,3,0,1,4,2,0,0,0,0,1,1,0,0,1,5,3,5,1,5,5,0,8,8,8,0,0,7.21,CRITIQUE
0,1,17,1,0,1,3,2,3,3,0,1,2,1,3,0,1,0,1,0,0,0,0,4,5,2,1,1,2,10,8,7,8,0,0,7.72,CRITIQUE
0,1,16,1,0,1,2,2,2,2,0,0,1,2,0,0,0,0,0,1,0,1,0,4,3,5,2,4,4,0,9,10,11,1,1,10.67,Normal
0,0,16,1,0,1,4,2,1,3,1,0,1,2,0,0,0,0,0,1,1,1,1,4,2,3,1,1,3,0,17,17,18,1,1,17.49,Normal
0,0,16,1,0,1,2,2,2,2,1,1,1,2,0,0,1,0,0,0,1,1,0,5,1,5,1,1,4,0,12,12,13,1,1,12.92,Normal
0,0,16,1,0,1,4,4,1,1,3,1,1,2,0,0,1,0,0,1,1,1,1,4,4,2,1,1,3,0,16,16,17,1,1,16.74,Normal
0,1,16,1,0,1,3,4,2,2,0,0,3,1,1,0,1,0,1,0,1,1,0,3,4,5,2,4,2,4,9,9,10,1,1,9.69,Normal
0,1,16,1,0,1,1,0,2,2,3,1,2,2,0,0,1,0,1,1,1,1,1,4,3,2,1,1,3,0,16,17,18,1,1,17.79,Normal
0,1,17,1,1,1,4,4,4,2,3,1,1,2,0,0,1,0,1,1,1,1,0,4,4,4,1,3,5,0,11,9,10,1,1,10.12,Normal
0,0,16,1,0,1,1,3,0,3,1,1,1,2,0,0,0,0,1,0,1,1,1,4,3,5,1,1,3,0,14,13,13,1,1,13.0,Normal
0,0,16,1,1,1,3,3,2,2,3,1,2,2,0,0,1,0,1,1,1,1,0,4,4,5,1,1,4,0,14,14,15,1,1,14.89,Normal
0,1,17,1,1,1,4,3,4,2,0,1,2,2,0,0,0,0,1,1,1,1,0,4,4,4,4,4,4,0,10,11,11,1,1,11.61,Normal
0,0,16,1,0,1,2,2,3,2,3,1,2,2,0,0,0,0,1,0,1,1,0,3,4,4,1,4,5,0,13,12,14,1,1,13.42,Normal
0,1,17,1,0,1,3,3,2,2,3,0,1,2,0,0,0,0,1,0,1,1,0,4,3,4,1,4,4,4,11,9,10,1,1,10.05,Normal
0,1,16,0,0,1,4,2,4,3,2,1,1,1,0,0,1,0,1,1,1,1,1,4,3,3,3,4,3,8,10,9,11,1,1,10.67,Normal
0,1,17,1,0,1,4,3,2,2,0,1,1,2,0,0,1,1,1,1,1,1,1,5,2,3,1,1,2,4,11,11,13,1,1,12.29,Normal
0,1,16,1,0,1,4,3,4,2,1,1,1,2,0,0,1,1,1,1,1,1,0,3,4,3,2,3,3,4,11,10,11,1,1,10.75,Normal
0,1,16,1,0,1,3,3,3,2,1,1,1,2,0,0,0,0,1,1,1,1,1,4,2,3,1,2,3,0,11,12,13,1,1,12.92,Normal
0,0,17,1,0,1,2,4,3,3,3,0,1,2,0,0,1,0,1,1,1,0,0,5,4,2,2,3,5,0,17,18,17,1,1,17.1,Normal
0,0,17,1,1,1,3,3,2,2,3,1,1,2,0,0,1,0,1,1,1,1,1,5,3,3,2,3,1,32,14,13,14,1,1,13.69,Normal
0,0,16,1,0,1,3,2,2,2,3,1,1,2,0,0,1,0,0,1,1,1,0,1,2,2,1,2,1,8,14,15,16,1,1,15.67,Normal
0,1,17,1,0,1,3,3,3,3,2,1,1,2,0,0,1,0,1,1,1,1,1,4,3,4,2,3,4,6,11,13,14,1,1,13.79,Normal
0,1,16,1,0,1,1,2,3,3,2,1,1,1,0,0,1,0,1,1,1,1,1,3,3,3,1,2,3,0,10,9,11,1,1,10.81,Normal
0,1,16,1,1,1,2,1,2,2,0,1,1,2,0,0,0,0,1,1,1,1,1,4,2,3,1,2,5,0,13,14,16,1,1,15.39,Normal
0,0,17,1,0,0,3,3,1,2,3,1,1,2,0,0,1,0,0,0,1,1,1,3,3,3,1,3,3,10,12,13,14,1,1,13.7,Normal
0,1,17,0,0,1,1,2,0,2,1,1,1,2,0,0,0,0,0,1,1,0,0,3,1,3,1,5,3,6,9,9,10,1,1,9.97,Normal
0,0,16,1,0,1,2,3,3,3,0,1,1,2,0,0,0,0,0,1,1,1,0,4,3,3,1,1,2,6,12,12,13,1,1,12.91,Normal
0,0,17,1,0,1,1,1,0,3,0,1,1,2,0,0,0,0,1,1,1,1,0,5,3,3,1,1,3,0,12,11,12,1,1,11.9,Normal
0,1,17,1,0,1,1,2,0,3,2,2,2,2,0,0,0,0,1,0,1,1,0,4,4,4,4,5,5,16,10,11,12,1,1,11.78,Normal
0,1,16,0,0,1,3,3,3,3,3,1,1,1,0,0,1,0,1,1,1,1,0,4,3,2,3,4,5,0,11,10,10,1,1,10.29,Normal
0,1,16,1,0,1,2,3,2,2,1,0,2,1,0,0,0,0,0,1,1,1,0,5,3,3,1,1,3,0,13,12,12,1,1,12.37,Normal
0,0,17,1,1,1,2,4,3,3,0,0,1,2,0,0,0,0,1,1,1,1,1,4,3,2,1,1,5,8,14,15,16,1,1,15.71,Normal
0,1,17,1,0,1,4,4,3,4,1,1,1,1,0,0,0,0,0,1,1,1,0,5,2,3,1,2,5,4,13,13,14,1,1,13.04,Normal
0,1,16,0,1,1,3,3,4,2,1,0,3,1,0,0,1,0,1,1,1,1,0,3,3,4,3,5,3,16,10,11,12,1,1,11.53,Normal
0,0,17,1,0,1,4,4,3,4,1,1,2,1,1,0,1,0,0,1,1,1,0,4,2,4,2,3,2,30,14,15,16,1,1,15.95,Normal
0,0,16,1,1,1,4,4,4,4,3,1,1,2,0,0,1,0,0,1,1,1,0,4,5,2,1,2,3,0,11,10,11,1,1,10.61,Normal
0,0,16,1,0,1,4,3,1,2,1,1,1,2,0,0,1,0,1,1,1,1,0,4,3,5,1,5,2,2,14,14,15,1,1,14.96,Normal
0,0,16,1,0,1,2,3,2,2,3,1,1,2,0,1,1,0,1,1,1,0,0,4,4,3,1,3,4,4,11,12,12,1,1,12.77,Normal
0,0,17,1,0,1,1,1,2,2,0,1,1,2,0,0,1,0,0,0,1,0,0,4,4,4,1,3,1,0,14,15,15,1,1,15.02,Normal
0,0,17,0,0,1,2,2,2,2,3,1,1,1,0,0,1,0,0,1,1,1,0,5,3,2,1,2,3,21,13,13,13,1,1,13.13,Normal
0,0,16,0,0,1,2,2,3,3,3,1,2,4,0,0,1,0,1,0,1,1,0,5,3,5,1,1,5,6,13,13,13,1,1,13.22,Normal
0,0,17,1,0,1,3,4,0,3,1,1,1,3,1,0,1,1,0,1,1,1,1,4,4,3,3,4,5,14,8,9,8,0,0,8.29,CRITIQUE
0,0,16,1,0,0,3,1,3,2,0,1,1,2,0,0,1,0,0,1,1,1,0,2,3,3,2,2,4,2,11,11,12,1,1,11.12,Normal
0,0,16,1,0,1,4,3,4,2,2,1,1,2,0,0,0,0,1,1,1,1,1,1,3,2,1,1,1,4,14,15,15,1,1,15.47,Normal
0,0,16,1,0,1,1,1,0,2,1,1,2,1,0,0,1,0,0,1,1,0,0,4,3,2,1,4,5,2,12,13,13,1,1,12.93,Normal
0,0,17,0,0,1,4,3,4,2,3,1,2,3,0,0,1,0,1,1,1,1,1,4,4,2,1,1,4,0,11,12,12,1,1,12.25,Normal
0,0,19,1,0,1,3,3,2,2,3,2,1,4,0,0,1,0,1,1,1,1,0,4,3,3,1,2,3,4,12,12,12,1,1,12.4,Normal
0,1,17,1,1,1,4,4,3,2,1,1,1,2,0,0,1,0,0,1,1,1,1,5,3,5,4,5,3,15,13,12,12,1,1,12.27,Normal
0,0,16,1,0,0,2,2,2,2,3,1,1,2,0,1,1,0,0,1,1,1,0,3,3,4,1,1,4,0,13,13,13,1,1,13.11,Normal
0,1,18,1,0,1,2,2,3,2,1,1,1,2,0,0,1,0,1,1,1,1,0,4,4,4,2,4,5,10,12,11,11,1,1,11.15,Normal
0,0,17,0,1,1,4,4,3,2,2,1,1,1,0,0,1,0,0,1,1,0,0,5,2,1,1,2,3,6,12,11,11,1,1,11.11,Normal
0,0,17,1,1,1,3,2,2,2,3,1,2,2,0,0,0,0,0,1,1,1,0,4,4,4,1,3,1,2,14,16,15,1,1,15.6,Normal
0,0,17,1,0,1,4,3,2,2,3,1,1,2,0,0,0,0,0,1,1,1,1,3,4,5,2,4,1,16,11,9,10,1,1,9.99,Normal
0,1,18,1,1,1,3,3,3,1,1,0,1,2,0,0,1,0,0,1,1,1,0,3,2,4,2,4,4,10,10,10,10,1,1,10.3,Normal
0,0,17,1,0,1,2,3,0,2,1,0,2,1,0,0,1,0,0,1,1,0,0,3,3,3,1,4,3,4,12,13,13,1,1,13.03,Normal
0,0,17,1,0,1,2,2,0,0,0,1,1,3,0,0,1,0,1,1,1,1,0,4,3,3,1,1,4,0,12,12,13,1,1,12.99,Normal
0,0,17,0,0,1,2,1,0,3,3,1,2,2,0,0,1,0,1,1,1,1,0,4,2,5,1,2,5,0,11,10,11,1,1,10.84,Normal
0,0,17,1,0,1,1,1,0,2,3,1,1,3,0,0,1,0,1,1,1,0,1,4,3,4,1,1,5,12,12,12,12,1,1,12.68,Normal
0,0,16,1,0,1,2,3,3,4,2,1,1,2,0,1,0,0,0,1,1,1,0,2,3,1,1,1,3,0,13,13,14,1,1,13.53,Normal
0,1,18,1,0,1,2,2,2,2,1,1,2,2,3,0,1,1,0,1,1,1,0,3,3,3,5,5,4,9,10,9,10,1,1,9.96,Normal
0,0,16,1,0,1,4,4,4,3,1,1,1,3,0,0,1,0,1,0,1,1,0,5,3,2,1,1,5,4,15,16,16,1,1,16.22,Normal
0,0,18,0,0,1,3,1,2,2,3,1,1,2,0,0,0,0,1,1,1,1,1,5,3,3,1,1,4,4,8,8,8,0,0,7.99,CRITIQUE
0,0,17,1,0,1,3,2,2,2,0,1,1,2,0,0,0,0,1,0,1,1,0,5,3,4,1,3,3,2,17,18,17,1,1,17.2,Normal
0,1,17,1,1,1,2,3,3,3,3,0,1,2,0,0,1,0,0,0,1,1,0,5,3,3,1,3,3,0,10,11,11,1,1,11.32,Normal
0,1,18,1,1,1,2,1,0,2,0,1,4,2,0,1,1,0,1,1,1,1,1,4,3,2,4,5,3,2,9,10,11,1,1,10.61,Normal
0,0,17,1,0,0,2,1,2,2,0,1,2,3,0,0,0,0,1,1,1,1,1,3,2,3,1,2,3,0,15,15,16,1,1,15.71,Normal
0,0,17,1,1,1,4,3,1,2,3,0,1,2,0,0,0,0,1,1,1,1,1,3,2,3,1,2,3,0,14,12,12,1,1,12.88,Normal
0,1,17,0,0,1,2,2,2,2,0,0,2,2,0,0,1,0,1,1,1,1,0,4,5,2,1,1,1,0,12,13,13,1,1,13.06,Normal
0,1,17,1,0,1,4,4,4,4,3,1,1,2,0,1,1,0,1,1,1,1,1,4,5,5,1,3,2,0,13,13,13,1,1,13.05,Normal
0,1,16,1,0,1,4,4,1,2,3,0,1,2,0,0,1,0,1,1,1,1,0,4,2,4,2,4,1,0,13,13,14,1,1,13.64,Normal
0,1,16,1,1,1,1,1,2,2,1,1,2,2,0,0,1,0,0,1,1,1,0,3,4,2,1,1,5,2,9,9,9,0,0,9.44,CRITIQUE
0,1,16,1,0,1,3,2,0,2,3,1,2,3,0,0,0,0,1,1,1,1,1,5,3,3,1,3,2,0,12,12,12,1,1,13.19,Normal
0,1,17,1,1,1,2,2,2,2,1,0,1,2,0,0,0,0,1,0,1,1,1,4,4,2,5,5,4,0,16,16,16,1,1,16.24,Normal
0,0,16,1,0,1,2,1,2,2,1,1,1,1,0,0,0,0,0,1,1,1,1,4,5,2,1,1,5,4,9,10,10,1,1,10.02,Normal
0,0,16,1,0,0,4,1,2,2,1,1,1,2,0,0,0,0,1,1,1,1,1,5,3,3,1,2,5,0,14,13,13,1,1,13.04,Normal
0,0,18,1,1,0,2,4,3,2,0,1,2,2,1,0,1,0,0,1,1,1,0,4,3,3,1,1,3,18,10,10,10,1,1,10.05,Normal
0,0,18,1,1,1,2,2,0,3,0,1,1,2,1,0,1,0,0,0,1,1,1,5,3,1,1,1,5,16,9,8,10,1,1,9.21,Normal
0,0,18,1,0,1,3,3,2,2,0,1,2,1,1,0,0,0,0,1,0,1,0,4,1,1,1,1,3,14,8,7,7,0,0,7.1,CRITIQUE
0,1,18,1,0,1,2,2,2,0,0,2,1,1,1,0,1,0,1,0,0,1,1,4,4,3,2,2,1,26,7,8,8,0,0,8.11,CRITIQUE
0,1,17,1,0,1,4,4,4,4,0,1,1,1,0,0,1,0,1,0,1,1,0,4,2,1,1,2,5,6,10,8,9,0,1,6.16,Normal
0,0,17,1,0,1,3,2,2,2,0,0,1,2,0,0,0,0,1,1,1,0,0,5,4,2,1,1,3,4,14,14,15,1,1,14.9,Normal
0,0,17,1,1,1,1,1,0,0,0,1,1,3,0,0,1,0,1,1,1,1,1,4,3,2,1,2,4,10,11,10,10,1,1,10.14,Normal
0,0,16,1,0,1,1,2,2,2,0,1,1,1,0,0,0,0,0,1,0,1,0,5,3,5,1,2,5,4,12,11,11,1,1,11.04,Normal
0,0,17,0,0,1,2,1,0,3,0,1,3,2,0,0,0,0,1,1,1,0,0,2,1,1,1,1,3,2,13,13,13,1,1,13.15,Normal
0,0,17,0,1,0,1,4,2,2,0,2,4,1,1,0,1,0,0,1,1,1,0,5,5,4,1,1,5,14,9,9,8,0,0,8.4,CRITIQUE
0,1,18,1,0,1,2,2,2,3,3,0,1,2,0,0,0,0,0,1,0,1,0,5,5,4,3,5,2,16,8,7,8,0,0,7.28,CRITIQUE
0,0,17,1,1,0,2,2,2,2,1,1,1,1,1,0,1,0,0,0,0,1,0,3,1,2,1,1,1,8,11,9,10,1,1,10.63,Normal
0,0,17,0,1,1,1,1,0,2,0,1,2,3,0,0,0,0,1,1,1,1,0,4,3,3,1,3,5,4,15,14,15,1,1,15.29,Normal
0,0,17,1,1,0,4,2,4,2,0,1,1,2,0,0,1,0,1,1,1,0,0,4,3,2,1,1,4,4,15,14,14,1,1,14.5,Normal
0,1,17,1,1,1,4,3,1,2,0,1,2,2,0,0,0,0,1,1,1,1,1,2,5,5,1,4,5,8,15,15,15,1,1,15.35,Normal
0,1,17,0,1,0,4,4,4,2,0,1,2,2,0,0,1,0,0,1,1,1,0,3,3,3,2,3,4,0,12,12,12,1,1,12.7,Normal
0,1,16,1,1,1,4,3,4,2,0,1,1,1,0,0,0,0,1,0,1,1,0,5,4,5,1,1,3,7,14,14,15,1,1,14.86,Normal
0,1,16,1,0,1,4,4,3,3,0,1,1,1,0,0,0,1,1,1,1,1,0,5,3,2,1,2,5,4,14,15,15,1,1,15.18,Normal
0,0,17,1,0,1,4,4,4,3,0,1,1,2,0,0,1,1,0,1,1,1,1,5,3,1,1,4,5,2,11,11,12,1,1,11.96,Normal
0,1,17,0,0,1,1,1,2,2,1,0,2,3,0,0,0,0,0,0,1,1,1,4,3,3,1,1,1,2,13,14,15,1,1,14.69,Normal
0,0,17,1,0,1,3,3,3,2,1,1,2,3,0,0,1,0,0,1,1,1,1,4,2,2,2,3,5,10,11,11,11,1,1,11.28,Normal
0,0,17,1,0,1,1,1,0,2,0,1,1,2,0,1,0,0,0,0,1,0,1,4,3,2,1,1,4,10,10,9,10,1,1,10.12,Normal
0,0,18,1,0,1,2,1,2,2,0,2,2,3,0,0,1,0,0,0,1,1,1,4,4,4,1,1,3,10,12,10,11,1,1,10.9,Normal
0,1,16,1,0,1,2,1,2,2,0,1,3,1,0,0,0,0,0,1,1,1,0,4,3,3,1,1,4,7,15,16,16,1,1,16.04,Normal
0,0,17,1,0,1,1,1,2,3,0,0,1,2,0,0,1,0,0,1,1,0,0,4,3,4,1,2,5,4,11,10,11,1,1,10.46,Normal
0,1,17,1,0,1,2,3,2,2,0,0,2,1,0,0,0,0,0,1,1,1,0,5,2,2,1,1,2,2,9,12,13,1,1,12.91,Normal
0,1,22,1,0,1,3,1,3,3,2,1,1,1,3,0,0,0,0,0,0,1,1,5,4,5,5,5,1,12,7,8,5,0,0,5.97,CRITIQUE
0,1,18,0,1,1,3,3,2,3,0,1,1,2,0,0,1,0,0,1,1,1,1,4,3,3,1,3,5,8,10,9,10,1,1,10.05,Normal
0,1,16,1,0,1,0,2,2,2,2,1,1,1,0,0,0,0,0,0,1,1,0,4,3,2,2,4,5,0,11,12,11,1,1,12.64,Normal
0,1,18,1,0,1,3,2,3,2,0,1,2,1,0,0,0,0,0,1,0,1,0,4,4,5,2,4,5,8,7,8,7,0,0,7.23,CRITIQUE
0,1,16,1,0,1,3,3,0,2,3,2,3,2,1,1,1,0,0,0,1,1,0,5,3,3,1,3,2,4,9,11,10,1,1,10.32,Normal
0,1,18,1,0,1,2,1,3,3,2,1,1,1,2,0,0,0,0,0,0,1,0,3,2,5,2,5,5,4,7,8,6,0,0,6.66,CRITIQUE
0,1,16,0,0,1,2,1,2,2,0,1,2,1,0,0,0,0,1,0,1,0,0,3,3,2,1,3,3,2,14,13,12,1,1,12.46,Normal
0,1,17,0,0,1,2,1,2,2,0,1,1,1,0,0,0,0,0,0,1,1,0,4,4,2,2,4,5,0,12,12,13,1,1,12.93,Normal
0,1,17,1,1,1,1,1,1,2,0,1,2,1,1,0,1,0,1,1,1,1,0,4,4,4,1,2,5,0,9,10,10,1,1,9.95,Normal
0,0,18,1,1,0,2,1,2,2,0,1,1,2,0,0,1,0,0,0,1,1,1,4,3,4,1,3,5,2,12,12,13,1,1,13.02,Normal
0,0,17,1,1,1,4,2,4,3,3,1,1,4,0,0,1,0,1,1,1,1,0,4,2,3,1,1,4,2,14,15,17,1,1,16.33,Normal
0,0,19,1,0,1,2,2,3,3,1,1,1,2,0,0,1,0,0,1,1,1,0,4,3,3,1,1,5,0,10,10,11,1,1,10.73,Normal
0,1,18,1,1,1,2,1,3,2,0,1,3,2,1,0,0,0,1,0,0,1,0,4,4,5,4,4,5,4,11,10,11,1,1,10.28,Normal
0,0,17,0,0,1,4,2,2,2,0,1,1,3,0,0,1,0,1,1,1,1,0,4,3,4,1,3,5,2,11,12,14,1,1,12.63,Normal
0,0,18,1,1,1,1,1,2,0,1,1,1,3,0,0,1,0,0,0,1,0,0,4,4,3,2,3,3,4,11,12,14,1,1,13.49,Normal
0,0,18,0,0,1,2,2,2,2,1,1,1,2,0,1,0,0,0,1,1,0,0,3,2,3,1,1,5,4,11,11,13,1,1,12.5,Normal
0,1,19,1,1,0,4,3,3,0,3,1,1,2,0,0,1,0,0,1,1,1,0,4,3,1,1,1,1,4,11,13,14,1,1,13.77,Normal
0,1,18,1,0,1,2,1,2,2,1,1,1,2,0,0,0,0,1,1,1,1,0,5,2,4,1,2,4,2,16,16,16,1,1,16.08,Normal
0,1,17,0,0,1,2,2,2,3,2,1,2,1,0,0,0,0,0,0,0,0,0,5,2,2,1,1,4,0,9,10,10,1,1,10.0,Normal
0,0,17,1,1,1,2,2,3,3,0,0,1,4,0,0,0,0,1,1,1,1,1,3,4,1,1,1,2,2,10,11,12,1,1,11.34,Normal
0,0,20,0,0,1,2,1,2,2,0,2,2,2,0,0,1,1,1,1,0,1,1,1,2,3,1,2,2,8,10,12,12,1,1,11.81,Normal
0,0,18,1,0,1,4,3,3,2,1,0,1,2,0,0,1,0,0,1,1,1,1,3,1,2,1,3,2,2,15,15,15,1,1,15.72,Normal
0,1,18,1,0,1,4,3,4,2,0,1,1,2,0,0,1,0,0,0,1,1,0,4,3,2,1,1,3,2,10,10,11,1,1,10.74,Normal
0,1,18,0,0,1,3,2,2,2,0,1,1,3,0,0,0,0,1,0,1,0,0,5,3,2,1,1,3,2,10,11,12,1,1,11.8,Normal
0,0,17,1,0,1,3,3,2,2,1,1,1,3,0,0,0,0,1,0,1,0,0,3,2,3,1,1,4,2,15,12,13,1,1,12.99,Normal
0,0,18,1,0,1,2,2,0,3,1,1,1,3,0,0,1,0,1,1,1,1,1,4,3,3,1,1,3,0,11,12,13,1,1,13.24,Normal
0,1,17,1,0,1,2,2,2,2,1,0,2,1,0,0,0,0,0,1,0,1,0,4,4,4,2,3,4,8,8,8,9,0,0,8.53,CRITIQUE
0,1,18,0,1,0,3,4,2,2,3,1,2,2,0,0,1,0,1,1,1,1,0,4,2,5,3,4,1,6,15,16,16,1,1,16.02,Normal
0,1,17,1,0,1,3,1,3,2,2,1,1,2,0,0,0,0,1,1,1,1,1,5,4,4,3,4,5,0,11,11,14,1,1,13.15,Normal
0,0,18,0,0,1,4,4,4,2,3,1,2,2,0,0,0,0,1,1,1,1,0,4,3,4,2,2,4,8,10,11,12,1,1,11.91,Normal
0,1,18,1,0,1,4,2,1,2,3,0,1,2,0,0,1,0,1,1,1,1,1,5,4,5,1,3,5,4,10,12,14,1,1,13.7,Normal
0,0,18,0,0,1,2,1,2,2,3,1,2,2,0,0,1,0,0,1,0,1,1,4,3,5,1,2,3,12,8,9,10,1,1,9.83,Normal
0,0,19,1,0,1,3,3,2,3,1,2,1,2,0,0,1,0,1,1,1,1,0,4,3,5,3,3,5,16,11,12,12,1,1,13.01,Normal
0,0,18,1,0,1,2,3,2,3,3,0,1,4,0,0,1,0,1,1,1,1,1,4,5,5,1,3,2,10,16,16,16,1,1,16.17,Normal
0,0,18,1,1,1,1,1,2,2,1,1,2,2,0,0,1,0,0,0,1,0,0,4,4,3,1,1,3,2,13,13,13,1,1,13.01,Normal
0,1,17,0,0,1,1,2,0,0,1,1,1,2,0,0,1,0,1,0,1,0,1,3,5,2,2,2,1,2,16,17,18,1,1,17.85,Normal
0,0,18,1,0,1,2,1,2,2,1,1,1,2,0,0,1,0,0,1,1,1,1,4,2,5,1,2,1,8,14,14,15,1,1,15.08,Normal
0,0,17,1,0,1,2,4,0,1,3,1,2,2,0,0,1,0,0,1,1,1,1,4,3,3,1,1,1,6,15,16,16,1,1,16.16,Normal
0,0,17,1,1,1,2,2,3,2,0,1,2,2,0,1,1,0,0,1,1,1,1,4,4,4,2,3,5,6,12,12,12,1,1,12.33,Normal
0,0,18,0,0,0,3,2,2,3,1,1,2,2,0,0,0,0,0,0,0,1,1,4,1,1,1,1,5,15,12,9,10,1,1,10.36,Normal
0,1,18,1,0,1,4,4,4,3,1,1,2,1,0,0,0,0,1,1,1,1,0,3,2,4,1,4,3,6,11,12,12,1,1,12.5,Normal
0,0,18,1,0,1,4,4,1,1,3,0,1,2,1,1,1,0,1,1,1,1,1,2,4,4,1,1,4,2,14,12,13,1,1,12.92,Normal
0,0,17,1,0,1,2,2,2,3,3,0,3,3,0,0,1,0,0,1,1,1,1,4,2,3,1,1,1,8,13,15,15,1,1,15.32,Normal
0,0,19,0,0,1,3,2,3,3,3,0,1,2,1,1,1,0,0,1,0,1,0,3,3,3,4,3,3,0,9,8,10,1,1,8.62,Normal
0,1,18,1,1,1,4,3,4,3,0,1,2,1,0,0,0,0,1,1,1,1,0,4,2,3,1,2,1,0,10,10,10,1,1,10.2,Normal
0,1,18,1,0,1,1,2,0,2,1,2,2,1,0,0,0,0,0,0,0,1,0,3,4,4,2,4,4,10,10,10,11,1,1,10.82,Normal
0,1,17,1,1,0,4,1,3,2,1,1,2,1,0,0,0,0,1,1,1,1,1,4,5,4,2,4,5,22,11,11,10,1,1,10.65,Normal
0,1,17,1,1,0,3,2,4,3,1,1,1,1,0,0,0,0,0,1,1,1,0,4,4,4,3,4,3,18,13,13,13,1,1,13.2,Normal
0,0,18,0,1,1,1,1,0,2,3,1,2,4,0,0,1,0,1,1,1,0,0,5,2,2,1,1,3,2,17,17,18,1,1,17.65,Normal
0,0,18,1,0,1,1,1,2,2,1,1,2,2,0,1,0,0,1,1,1,1,0,5,4,4,1,1,4,0,12,13,13,1,1,13.03,Normal
0,0,17,1,0,1,2,2,2,2,0,1,1,2,0,0,1,0,0,0,1,1,0,5,4,5,1,2,5,12,12,12,14,1,1,13.63,Normal
0,0,18,1,0,1,2,1,2,2,3,1,2,2,0,0,0,0,1,1,1,1,1,4,3,1,1,1,5,10,12,13,14,1,1,13.83,Normal
0,1,17,1,0,1,1,1,2,2,3,0,1,2,0,0,0,0,0,0,1,1,0,4,3,3,1,2,4,0,12,12,12,1,1,12.27,Normal
0,0,18,1,0,1,2,2,0,0,2,1,1,3,0,0,1,0,0,1,1,1,0,4,3,3,1,2,2,0,18,18,18,1,1,17.79,Normal
0,0,17,1,0,1,1,1,3,4,3,1,1,3,0,0,1,0,0,1,1,1,0,4,3,3,1,1,3,0,13,13,14,1,1,13.04,Normal
0,1,18,1,0,1,2,1,3,3,3,1,1,3,0,0,0,0,1,1,1,1,0,4,2,4,1,3,2,0,14,15,15,1,1,15.21,Normal
0,1,18,1,1,0,4,4,4,4,3,1,1,2,0,0,1,0,1,1,1,1,0,5,4,3,1,1,2,0,17,17,17,1,1,17.06,Normal
0,1,18,1,0,1,4,2,4,2,1,1,1,2,0,0,1,0,1,1,1,1,1,4,3,2,1,4,5,2,15,16,16,1,1,16.26,Normal
0,0,17,1,0,1,4,3,1,3,3,1,1,3,0,0,1,0,0,1,1,1,0,4,2,2,1,2,3,0,17,18,18,1,1,17.68,Normal
0,0,17,0,1,1,3,1,3,2,3,1,2,4,0,0,1,0,0,1,1,0,0,3,1,2,1,1,3,0,18,19,19,1,1,18.42,Normal
0,1,18,0,1,1,3,2,3,2,3,1,2,3,0,0,1,0,1,1,1,1,0,5,4,2,1,1,4,0,14,15,15,1,1,15.16,Normal
0,1,17,1,0,1,3,3,1,2,1,1,1,1,0,0,1,0,0,1,1,1,0,4,4,3,1,3,5,0,14,15,15,1,1,15.24,Normal
0,0,19,1,0,1,4,4,1,2,3,2,2,2,0,0,1,0,1,1,1,1,0,2,3,4,2,3,2,2,14,13,13,1,1,13.6,Normal
0,0,18,1,1,1,4,3,2,2,1,2,2,2,0,0,1,0,0,1,1,1,1,4,4,5,1,2,2,0,13,14,14,1,1,14.2,Normal
0,0,18,1,0,1,4,3,2,2,3,0,1,4,0,0,1,0,0,1,1,1,0,4,3,3,1,1,3,0,16,17,17,1,1,17.06,Normal
0,1,18,1,1,1,4,4,4,4,1,1,1,1,0,0,1,0,0,1,1,1,1,1,4,2,2,2,1,0,18,18,17,1,1,17.65,Normal
0,0,18,1,1,0,4,4,1,2,1,1,1,2,0,0,1,1,0,1,1,1,1,4,2,4,1,1,4,0,14,15,15,1,1,15.35,Normal
0,1,17,1,1,1,4,4,2,4,1,0,2,1,0,0,0,0,0,1,1,1,0,4,1,1,2,2,5,0,12,13,13,1,1,13.34,Normal
0,0,17,0,0,1,4,4,3,3,3,1,2,3,0,0,1,0,1,1,1,1,0,5,3,4,1,1,5,0,7,7,8,0,0,6.02,CRITIQUE
0,0,17,1,0,1,4,2,2,2,3,1,2,3,0,0,1,0,0,1,1,1,0,4,3,3,1,1,3,0,16,16,16,1,1,16.09,Normal
0,0,17,1,0,1,3,2,1,1,3,0,1,4,0,0,1,0,1,0,1,1,0,5,2,2,1,2,5,0,18,18,18,1,1,17.73,Normal
0,1,19,0,1,1,2,1,0,3,0,1,2,3,1,0,0,0,1,1,1,1,1,4,3,1,1,1,5,0,9,10,11,1,1,10.08,Normal
0,1,20,1,0,0,3,2,3,2,0,2,1,1,2,0,0,0,1,1,1,0,0,5,5,3,1,1,5,0,14,15,15,1,1,15.13,Normal
0,1,19,0,0,1,3,3,2,3,3,0,1,2,0,0,0,0,1,1,1,0,1,4,5,3,1,2,5,0,10,10,11,1,1,9.88,Normal
0,0,18,1,0,1,1,4,2,4,1,1,1,2,0,1,1,0,0,0,1,0,1,3,4,4,1,2,5,2,10,10,11,1,1,10.72,Normal
0,0,18,1,0,1,2,1,3,2,0,1,2,2,0,0,1,0,1,1,1,1,0,5,3,3,1,2,1,2,12,12,15,1,1,14.07,Normal
0,0,17,1,0,1,2,3,2,2,0,0,2,2,0,0,0,0,1,1,1,1,1,4,2,1,1,1,3,2,11,12,14,1,1,13.53,Normal
0,0,17,0,0,1,4,4,4,4,0,1,1,1,0,0,0,0,1,1,1,1,0,4,4,4,1,1,5,2,15,16,17,1,1,16.73,Normal
0,0,18,1,0,1,4,3,2,2,0,1,1,3,0,0,1,0,1,1,1,1,1,4,3,4,1,1,5,2,14,15,17,1,1,16.35,Normal
0,0,18,1,1,1,4,3,1,3,0,1,2,1,0,0,1,0,0,1,1,1,0,3,2,4,1,4,1,8,12,12,15,1,1,14.02,Normal
0,0,17,0,0,1,3,4,0,3,0,0,1,3,0,0,1,0,1,0,1,1,0,4,3,4,2,5,5,2,15,15,17,1,1,16.55,Normal
0,0,18,1,0,1,3,3,0,2,0,0,1,2,0,0,1,0,0,1,1,1,0,4,1,4,1,1,3,8,11,12,14,1,1,13.77,Normal
0,1,19,1,0,1,4,2,1,2,0,1,2,2,0,0,1,0,1,1,1,1,1,5,4,4,1,1,1,9,11,10,10,1,1,10.4,Normal
0,0,18,1,0,1,4,4,4,2,0,1,1,2,0,0,1,0,0,1,1,1,0,4,4,4,3,3,5,0,12,11,13,1,1,11.64,Normal
0,0,18,1,0,1,3,4,2,2,0,1,1,1,0,0,1,0,1,1,1,1,1,5,4,4,1,1,1,4,11,12,14,1,1,13.75,Normal
0,0,17,1,0,1,4,4,1,1,0,1,1,1,0,0,0,0,1,1,1,1,0,5,3,4,1,2,5,2,14,15,17,1,1,15.36,Normal
0,0,17,1,0,0,4,3,3,3,0,1,1,2,0,0,1,0,0,1,1,1,1,5,2,2,1,2,5,14,15,14,17,1,1,16.26,Normal
0,0,17,1,1,0,3,3,3,2,1,1,1,2,0,1,1,0,0,1,1,1,0,5,3,3,1,1,5,0,12,12,13,1,1,12.92,Normal
0,0,17,1,1,1,2,1,2,2,1,0,1,2,0,0,0,0,1,1,1,1,0,4,2,3,2,2,2,2,11,12,14,1,1,13.08,Normal
0,1,18,1,1,1,4,4,2,2,3,0,1,1,0,0,1,0,0,1,1,1,0,4,2,5,3,4,5,2,8,9,11,1,1,10.31,Normal
0,0,19,1,0,1,1,1,2,2,0,2,3,3,0,0,0,0,1,1,0,0,1,1,5,5,4,3,5,12,10,10,11,1,1,10.46,Normal
0,0,19,1,1,0,1,1,2,2,0,2,3,2,2,0,1,0,0,0,1,1,1,5,3,4,1,1,4,2,8,8,9,0,0,8.75,CRITIQUE
0,0,18,1,0,1,2,2,2,2,0,1,1,1,0,0,1,0,1,1,1,1,1,4,3,5,2,4,5,2,10,10,10,1,1,10.16,Normal
0,0,17,1,0,1,2,2,2,2,0,1,1,2,0,0,1,0,0,1,1,0,1,4,2,2,1,1,3,4,14,13,13,1,1,13.05,Normal
0,0,17,0,1,1,2,2,3,3,0,1,1,3,0,0,1,0,1,1,1,1,0,3,3,2,2,2,3,0,11,11,10,1,1,10.41,Normal
0,0,17,1,0,1,3,1,3,3,0,0,1,3,0,0,1,0,0,0,1,1,0,3,4,3,2,3,5,0,17,18,17,1,1,17.62,Normal
0,0,17,1,1,1,0,2,0,0,1,0,2,3,0,0,0,0,0,1,1,1,0,3,3,3,2,3,2,0,14,14,15,1,1,14.83,Normal
0,0,18,1,0,1,1,1,2,2,1,1,2,3,0,0,0,0,1,1,1,1,0,4,5,5,1,2,2,0,14,14,14,1,1,14.29,Normal
0,1,18,1,0,1,4,4,2,2,0,1,1,3,0,0,0,0,1,1,1,1,0,4,3,3,2,2,3,0,13,14,13,1,1,13.62,Normal
0,1,17,1,0,1,3,3,2,3,3,1,1,1,0,0,0,0,1,0,1,1,0,4,3,5,3,5,5,0,17,18,17,1,1,17.04,Normal
0,1,17,0,0,1,2,2,3,2,0,1,4,1,0,0,1,0,0,1,1,1,0,4,4,5,5,5,4,2,11,10,10,1,1,10.55,Normal
0,0,17,1,0,1,4,4,4,3,0,1,1,3,0,0,1,0,1,1,1,1,0,5,4,4,1,3,4,0,13,12,13,1,1,12.87,Normal
0,0,17,1,0,1,4,4,4,4,0,1,2,3,0,0,1,0,0,0,1,1,1,4,3,3,1,2,4,4,15,14,15,1,1,15.3,Normal
0,0,17,1,0,1,3,3,0,2,0,1,1,1,0,0,1,1,1,1,1,1,0,4,2,5,2,5,5,2,11,12,11,1,1,11.64,Normal
0,1,18,1,1,1,2,2,2,2,0,1,1,4,0,0,1,1,1,1,1,1,0,4,5,5,2,4,5,0,11,11,12,1,1,11.6,Normal
0,1,19,0,0,1,3,2,0,3,1,2,1,1,0,0,1,0,0,0,1,0,1,5,3,4,2,2,5,0,11,10,10,1,1,10.25,Normal
0,0,18,1,0,1,2,2,0,2,0,1,4,2,0,0,0,0,1,1,1,0,1,4,2,5,1,1,2,2,10,9,10,1,1,10.31,Normal
0,0,17,0,0,1,2,4,0,2,0,0,1,3,0,0,1,0,0,1,1,1,1,4,4,3,1,1,5,0,15,15,15,1,1,15.33,Normal
0,1,18,1,0,1,2,2,2,2,3,1,1,1,0,0,0,0,0,0,1,1,0,5,4,2,1,2,5,6,15,14,15,1,1,15.12,Normal
0,0,18,1,0,1,3,3,3,3,1,1,1,2,0,0,0,0,1,1,1,1,0,5,3,4,1,1,4,8,10,11,12,1,1,11.89,Normal
0,0,18,1,1,1,2,2,2,2,1,2,1,2,0,0,0,0,1,0,1,1,1,4,3,3,1,1,2,0,10,9,12,1,1,11.34,Normal
0,0,18,0,0,1,2,2,0,2,0,1,2,4,0,0,0,0,1,1,1,0,0,4,4,4,1,1,4,6,14,13,14,1,1,13.77,Normal
0,0,17,1,0,1,3,4,3,2,0,1,1,3,0,0,0,0,0,1,1,1,0,4,4,5,1,3,5,8,11,13,14,1,1,13.81,Normal
0,0,17,1,0,1,3,2,2,2,1,1,1,2,0,0,1,0,0,1,1,1,1,4,3,2,2,3,2,0,12,13,15,1,1,14.48,Normal
0,0,18,1,1,1,3,3,3,3,1,1,1,4,0,0,1,0,0,1,1,1,0,5,3,3,1,1,1,4,14,14,15,1,1,15.09,Normal
0,0,17,0,0,0,3,2,2,2,1,1,1,2,0,0,1,0,0,1,1,1,0,4,3,3,2,3,2,0,14,14,16,1,1,15.49,Normal
0,1,18,1,0,1,4,4,4,3,1,0,1,2,0,0,1,0,1,1,1,1,0,4,3,3,2,2,2,0,12,12,13,1,1,13.17,Normal
0,1,18,1,1,1,3,4,3,2,1,1,1,2,0,0,0,0,1,1,1,1,1,4,3,3,1,3,5,6,16,16,17,1,1,16.75,Normal
0,0,17,1,0,0,2,2,0,0,1,0,1,2,0,0,1,0,0,1,1,1,1,3,3,1,1,2,4,18,10,12,14,1,1,13.6,Normal
0,0,18,1,0,1,2,3,0,2,0,1,1,3,0,0,1,0,0,1,1,1,0,4,3,3,1,2,3,0,11,12,14,1,1,13.7,Normal
0,0,18,1,0,1,3,2,2,3,2,1,1,3,0,0,0,0,0,1,1,1,1,5,4,3,2,3,1,4,14,16,17,1,1,16.54,Normal
0,1,18,0,0,1,4,3,4,3,0,1,1,3,0,0,0,0,0,1,1,1,1,5,3,2,1,2,4,4,15,14,17,1,1,16.26,Normal
0,1,18,1,0,1,4,3,4,2,0,1,1,3,0,0,1,0,0,1,1,1,1,5,4,5,2,3,5,0,14,13,14,1,1,13.84,Normal
0,0,17,1,0,1,4,3,1,2,3,1,1,3,0,0,1,0,1,1,1,1,1,4,4,3,1,3,4,0,11,12,13,1,1,12.89,Normal
0,0,17,1,0,1,2,1,3,2,0,1,2,2,0,0,1,0,1,1,1,1,1,4,3,4,2,2,1,10,12,15,15,1,1,15.12,Normal
0,0,17,1,0,1,2,1,3,2,3,1,1,2,0,0,1,0,1,1,1,1,0,4,3,5,2,4,4,4,12,16,16,1,1,16.14,Normal
0,0,19,1,1,0,2,3,0,2,1,2,2,1,1,0,0,0,0,1,0,1,0,2,2,3,3,4,5,16,10,11,11,1,1,10.66,Normal
0,0,17,1,0,1,3,1,2,0,1,1,1,1,1,0,1,1,0,1,1,1,1,4,1,2,1,1,3,6,10,13,13,1,1,13.0,Normal
0,0,21,1,1,1,4,4,2,2,3,2,1,3,2,0,0,1,1,1,1,1,0,3,3,2,1,1,5,0,9,12,12,1,1,12.24,Normal
0,1,18,1,1,1,2,2,3,3,3,1,1,2,0,0,1,0,1,0,0,1,0,4,4,4,1,3,3,11,9,11,12,1,1,11.61,Normal
0,1,18,1,1,0,3,4,2,2,3,2,1,2,0,0,0,0,1,1,1,1,1,4,3,5,1,4,2,9,13,14,15,1,1,14.66,Normal
0,0,17,1,0,1,2,2,3,3,3,1,1,2,0,0,1,0,1,1,1,1,0,4,3,4,1,3,4,0,13,17,17,1,1,16.86,Normal
0,1,17,1,1,0,4,4,1,2,3,1,1,3,0,0,1,0,0,1,1,1,0,4,4,2,1,2,4,2,12,15,15,1,1,15.02,Normal
0,0,18,1,1,1,4,2,4,2,0,1,1,2,0,0,1,0,1,1,1,1,0,4,2,2,1,1,3,0,14,17,17,1,1,16.98,Normal
0,1,21,0,1,1,1,1,0,2,0,2,2,2,2,0,1,0,1,1,0,1,1,5,3,3,5,2,4,21,9,10,10,1,1,10.12,Normal
0,0,20,0,0,1,1,1,2,2,3,2,2,3,0,0,0,0,0,1,1,1,1,3,2,2,1,3,3,8,11,15,15,1,1,15.09,Normal
0,0,19,1,0,1,4,4,4,2,1,2,1,1,1,0,1,0,0,1,1,1,1,3,2,5,4,4,5,5,9,10,11,1,1,9.61,Normal
0,1,17,1,1,0,3,2,2,2,3,1,1,2,0,0,1,0,0,1,1,1,0,4,4,4,1,2,5,10,16,18,18,1,1,17.75,Normal
0,0,18,1,0,1,3,2,0,2,3,0,1,3,0,0,1,0,0,1,1,1,1,4,3,4,1,2,2,5,14,17,17,1,1,16.89,Normal
0,1,18,0,0,1,2,3,2,3,3,0,1,1,0,0,0,0,0,1,1,1,0,3,1,3,4,5,4,13,13,14,14,1,1,14.22,Normal
0,1,19,1,0,1,2,1,2,2,3,1,1,1,0,0,0,0,0,1,1,1,0,5,3,4,1,4,4,10,7,11,11,1,1,10.93,Normal
0,0,18,1,1,0,2,2,3,2,3,1,2,2,0,0,1,0,0,1,1,1,0,4,1,4,1,3,4,10,14,17,17,1,1,16.77,Normal
0,0,20,1,0,1,1,0,2,2,3,1,2,1,1,1,0,0,0,1,1,1,1,5,3,1,1,1,5,5,8,10,10,1,1,10.0,Normal
0,0,18,1,0,1,3,2,3,2,1,1,1,2,0,0,1,0,1,0,1,1,1,3,1,2,1,2,1,4,10,13,13,1,1,13.25,Normal
1,0,16,1,0,1,1,3,0,2,2,0,2,1,0,0,1,0,0,1,0,1,1,4,3,3,1,3,5,11,10,11,11,1,1,11.06,Normal
1,0,16,0,0,1,2,2,2,2,0,1,2,2,0,0,1,0,1,1,1,1,0,4,4,4,1,1,5,0,12,12,12,1,1,12.24,Normal
1,0,15,0,0,1,1,1,0,3,2,1,1,1,1,0,1,0,0,1,1,0,1,4,1,3,1,1,2,6,10,10,10,1,1,10.08,Normal
1,0,15,0,0,1,3,3,0,2,0,1,2,1,0,0,1,0,0,1,1,1,0,5,4,4,2,3,5,4,10,10,11,1,1,10.61,Normal
1,0,16,0,0,1,2,3,0,3,0,1,2,2,0,0,0,0,0,1,1,0,0,4,5,2,1,2,5,0,16,17,17,1,1,17.1,Normal
1,0,15,0,1,1,2,1,0,2,1,1,2,1,0,0,0,0,0,1,0,0,0,1,3,4,1,1,1,0,6,8,9,0,0,8.35,CRITIQUE
1,1,16,0,1,0,4,4,0,2,1,1,1,2,0,0,1,0,0,1,1,0,0,5,3,2,1,3,2,5,10,11,11,1,1,11.05,Normal
1,1,16,1,0,0,1,2,2,2,2,1,1,3,0,1,0,0,0,1,1,1,0,4,4,3,1,1,5,0,10,11,11,1,1,11.31,Normal
1,0,17,0,0,1,3,2,0,2,0,0,1,2,1,0,0,0,0,1,1,0,1,4,5,4,1,2,5,0,10,10,10,1,1,9.17,Normal
1,0,17,0,0,1,1,1,2,2,2,0,1,1,1,0,1,0,0,0,0,1,0,5,4,4,2,2,5,0,6,6,7,0,0,5.52,CRITIQUE
1,0,15,0,0,1,4,4,4,2,0,1,2,1,0,0,0,0,0,1,1,1,1,1,5,1,3,5,5,0,13,14,14,1,1,14.16,Normal
1,0,16,1,1,0,2,2,0,2,3,1,2,4,0,0,0,0,1,0,0,0,1,1,2,1,1,1,1,4,10,9,11,1,1,10.69,Normal
1,0,15,0,1,1,1,1,0,3,3,0,2,2,0,0,1,0,0,1,1,1,0,5,4,3,1,2,4,0,10,10,10,1,1,10.02,Normal
1,0,15,0,1,1,1,1,2,3,0,1,2,1,1,0,1,0,0,1,1,1,1,4,4,3,1,2,2,4,6,7,8,0,0,8.02,CRITIQUE
1,0,16,0,0,1,0,2,2,2,2,1,2,1,0,0,1,0,1,1,1,0,0,3,2,3,1,2,2,0,12,11,12,1,1,11.05,Normal
1,0,17,0,0,1,2,3,2,2,0,1,2,1,0,0,1,0,0,1,1,1,0,5,5,5,1,3,3,2,10,11,12,1,1,11.54,Normal
1,0,15,0,0,1,3,3,2,3,0,0,2,1,0,0,0,0,0,0,1,1,0,4,1,3,1,1,4,0,14,16,16,1,1,15.92,Normal
1,1,16,1,0,1,1,1,0,3,1,1,2,2,0,0,1,0,1,1,1,0,1,5,4,5,4,5,3,0,7,0,0,0,0,0.76,CRITIQUE
1,1,17,1,0,1,1,1,2,2,1,1,1,2,0,0,0,1,0,0,1,1,0,4,4,3,2,4,5,4,8,9,9,0,0,9.18,CRITIQUE
1,1,15,0,1,1,4,1,1,3,3,0,1,2,0,0,1,0,1,1,1,1,0,5,3,4,1,2,2,0,12,13,14,1,1,13.45,Normal
1,1,15,0,1,1,4,1,1,3,3,0,1,2,0,0,1,0,1,1,1,1,0,5,3,4,1,2,2,7,7,9,8,0,0,8.49,CRITIQUE
1,1,16,0,0,1,3,4,2,1,2,1,3,2,0,0,0,0,0,0,1,0,0,3,4,5,1,2,5,4,9,10,11,1,1,10.04,Normal
1,1,15,0,0,1,1,1,2,2,0,1,4,2,0,0,1,0,1,1,1,0,1,5,4,5,2,4,4,8,7,9,9,0,0,9.25,CRITIQUE
1,1,15,1,1,1,3,3,0,0,3,0,1,2,0,0,1,0,1,1,1,1,0,5,3,3,1,1,5,0,11,11,11,1,1,11.13,Normal
1,1,17,0,0,1,2,1,2,2,2,1,3,1,0,0,0,0,1,1,0,0,1,5,5,5,5,5,3,8,8,10,9,0,1,9.86,Normal
1,0,16,0,0,1,4,4,4,4,0,1,2,3,0,0,0,0,1,1,1,1,1,4,2,2,1,1,4,6,16,16,17,1,1,16.42,Normal
1,0,15,0,0,1,1,2,2,3,0,1,2,1,0,0,0,0,0,1,1,0,0,5,1,2,1,1,1,3,11,13,13,1,1,12.91,Normal
1,0,16,0,0,1,2,3,2,3,0,1,3,2,0,0,1,0,0,1,1,1,0,4,5,4,1,2,1,2,15,15,15,1,1,15.25,Normal
1,1,16,0,0,1,1,2,2,2,0,0,2,2,0,0,0,0,0,1,1,0,0,4,3,3,1,1,5,0,10,11,11,1,1,11.16,Normal
1,0,16,0,0,1,2,2,2,2,0,1,3,2,0,0,1,0,0,1,1,1,0,4,4,5,1,1,4,4,9,10,11,1,1,10.77,Normal
1,0,16,1,0,1,1,2,2,3,0,1,1,3,1,0,1,0,0,1,1,0,0,1,3,2,1,2,4,0,10,8,8,0,0,7.68,CRITIQUE
1,0,16,1,0,1,1,2,2,3,0,1,1,3,1,0,1,0,0,1,1,0,0,1,3,2,1,2,4,3,9,8,8,0,0,8.24,CRITIQUE
1,0,15,1,0,1,2,1,0,2,1,1,1,2,0,1,1,0,0,0,1,1,0,4,4,2,3,3,2,0,9,10,9,0,0,9.5,CRITIQUE
1,0,16,1,0,1,1,1,0,2,0,0,1,2,0,0,1,0,0,0,1,0,1,5,4,3,2,1,2,0,13,14,15,1,1,14.78,Normal
1,1,17,0,1,1,1,2,0,3,3,1,1,1,0,0,1,0,1,1,1,1,0,5,5,5,5,5,3,4,10,11,11,1,1,11.18,Normal
1,0,16,0,0,1,1,1,2,2,1,0,4,4,0,0,1,0,0,0,1,1,0,4,3,2,1,1,1,0,13,10,13,1,1,12.44,Normal
1,0,16,0,0,1,1,1,0,2,2,0,4,3,0,1,1,0,0,1,1,0,0,4,4,3,1,1,5,2,10,9,10,1,1,10.17,Normal
1,0,15,0,0,1,1,1,0,2,1,0,2,2,0,0,1,0,1,1,1,1,0,4,3,3,1,1,2,1,11,10,11,1,1,10.65,Normal
1,0,16,0,0,1,1,1,0,2,2,1,2,1,0,0,0,0,1,1,1,1,1,4,2,2,4,3,2,0,13,12,14,1,1,13.65,Normal
1,0,15,0,0,1,1,1,0,0,0,0,3,2,0,0,1,0,0,1,1,0,0,4,2,1,1,2,2,0,13,14,14,1,1,14.23,Normal
1,0,15,0,1,1,2,2,2,2,2,0,1,3,0,1,1,0,0,1,1,0,0,4,4,3,2,2,5,2,14,11,12,1,1,11.13,Normal
1,1,16,0,0,1,1,1,0,2,2,0,2,1,0,0,0,0,1,1,1,0,0,3,4,4,3,4,5,6,11,11,11,1,1,11.11,Normal
1,0,18,1,0,1,1,2,2,2,0,0,1,2,1,0,1,0,1,1,1,1,1,3,4,4,2,3,5,9,9,8,8,0,0,8.23,CRITIQUE
1,1,15,1,0,1,3,1,2,3,1,1,2,1,0,0,1,0,0,1,1,0,0,3,2,3,1,3,4,0,10,9,11,1,1,10.82,Normal
1,0,16,0,0,1,2,2,2,3,0,0,3,2,0,0,1,0,1,1,1,1,0,5,3,4,1,1,2,1,14,13,14,1,1,13.71,Normal
1,1,15,1,0,1,2,2,1,2,3,1,3,1,0,0,0,0,0,1,1,0,0,4,3,3,1,2,4,1,13,12,13,1,1,12.97,Normal
1,1,16,1,0,1,4,4,2,4,0,0,1,2,0,0,1,0,1,1,1,0,1,4,3,1,1,1,3,0,13,12,13,1,1,12.99,Normal
1,0,15,0,0,1,3,3,3,2,3,1,1,2,0,0,1,0,0,1,1,1,1,4,5,4,1,1,1,4,13,12,12,1,1,12.48,Normal
1,0,16,0,0,1,2,2,0,2,0,1,2,2,1,0,1,0,1,0,1,0,0,4,4,4,2,3,5,2,12,11,12,1,1,11.35,Normal
1,0,16,0,1,1,2,2,2,2,1,0,3,1,0,0,1,0,1,1,1,0,1,4,3,2,1,1,4,0,14,14,16,1,1,15.56,Normal
1,1,16,1,1,1,2,1,0,3,0,1,2,1,0,0,1,0,1,1,1,1,0,2,4,3,2,3,4,4,10,8,10,1,1,9.54,Normal
1,1,15,0,1,1,1,3,0,2,3,0,3,1,0,0,1,0,1,1,1,1,0,4,2,4,3,5,3,2,10,11,11,1,1,11.11,Normal
1,0,15,1,0,1,2,2,2,3,0,1,2,3,0,0,1,0,1,1,1,0,0,5,3,2,1,1,4,0,12,13,14,1,1,13.6,Normal
1,0,16,0,1,1,2,1,2,2,1,1,1,1,0,0,1,0,0,1,1,1,1,5,4,3,1,1,5,2,10,8,8,0,0,8.32,CRITIQUE
1,1,15,1,0,1,3,3,3,3,0,0,2,1,0,0,1,0,1,0,1,1,0,4,3,3,2,4,3,11,12,10,11,1,1,10.84,Normal
1,0,16,0,0,1,1,1,0,2,0,0,2,2,3,1,1,0,0,1,1,0,0,3,4,3,1,1,1,0,7,7,8,0,0,5.14,CRITIQUE
1,0,17,1,0,1,2,2,2,0,0,1,1,1,0,0,1,0,1,1,0,0,0,4,5,3,1,1,5,4,9,9,10,1,1,9.76,Normal
1,0,19,1,0,1,2,3,0,3,0,2,1,1,1,0,0,0,0,1,0,1,1,4,4,4,1,1,2,0,9,9,10,1,1,9.97,Normal
1,0,17,0,0,1,2,1,0,2,0,1,3,1,0,0,1,0,1,1,0,0,1,5,5,3,1,1,3,2,9,10,11,1,1,10.08,Normal
1,0,15,0,1,1,1,1,0,2,0,1,2,1,0,0,1,0,0,1,0,0,1,5,2,1,1,3,4,0,9,10,9,0,0,9.37,CRITIQUE
1,0,16,0,0,1,2,2,2,2,0,0,3,2,0,0,1,0,0,1,0,1,0,3,4,5,1,2,1,1,9,10,11,1,1,10.83,Normal
1,0,16,1,1,0,2,2,2,2,1,1,1,1,0,0,1,0,0,1,0,0,0,4,3,4,1,2,1,6,7,7,8,0,0,7.85,CRITIQUE
1,0,17,0,0,1,2,2,0,2,0,1,2,2,0,0,1,0,0,1,1,1,0,4,3,5,1,2,4,0,11,10,11,1,1,10.84,Normal
1,0,16,1,0,1,2,2,2,3,0,0,1,1,1,0,1,1,1,0,1,1,0,4,4,3,1,4,3,1,9,10,10,1,1,9.98,Normal
1,0,18,0,1,0,3,2,2,2,0,2,2,3,2,0,1,0,0,0,0,0,1,3,3,2,1,1,2,6,7,9,10,1,1,9.56,Normal
1,0,19,1,0,1,1,1,0,3,0,1,1,3,1,0,0,0,1,1,0,0,1,5,3,1,1,1,3,6,7,9,9,0,0,9.25,CRITIQUE
1,1,18,0,0,1,1,1,2,2,1,1,2,1,1,0,0,0,1,1,0,1,0,4,4,3,3,4,4,0,8,9,10,1,1,9.91,Normal
1,0,18,0,0,1,1,1,0,0,0,1,2,1,1,0,0,0,0,0,0,1,1,3,2,3,1,1,2,4,9,11,10,1,1,10.24,Normal
1,0,19,1,0,1,1,1,2,2,0,2,2,2,1,0,1,0,0,1,1,1,1,1,1,4,4,1,1,12,7,8,9,0,0,8.61,CRITIQUE
1,0,16,0,0,0,2,2,1,2,0,1,1,2,0,0,0,0,0,0,1,0,1,3,3,2,1,1,3,2,8,10,10,1,1,10.01,Normal
1,0,17,1,0,1,0,1,2,0,0,0,2,1,0,0,0,0,1,0,1,0,0,2,4,4,3,5,5,5,9,9,10,1,1,9.85,Normal
1,0,16,0,1,1,1,2,0,2,0,1,1,2,0,0,0,0,1,1,0,1,0,4,4,5,1,3,3,0,8,9,9,0,0,9.3,CRITIQUE
1,0,16,1,0,1,3,3,2,2,3,1,1,1,0,0,0,0,1,1,0,1,1,4,5,4,1,1,4,0,14,13,13,1,1,13.08,Normal
1,0,16,0,1,1,1,1,3,3,1,1,1,1,0,0,1,0,1,1,1,1,1,4,4,4,2,2,4,2,14,14,14,1,1,15.16,Normal
1,1,17,1,0,1,3,3,3,0,0,1,2,4,1,0,1,1,1,1,1,0,0,5,4,5,3,4,5,0,10,11,10,1,1,10.64,Normal
1,0,16,1,0,1,2,1,2,3,0,1,1,2,0,0,1,0,1,1,1,1,0,5,3,3,1,1,1,0,14,13,14,1,1,13.64,Normal
1,0,16,1,0,1,2,2,3,2,0,1,1,1,0,0,1,1,1,1,1,0,1,4,2,5,1,2,5,0,17,16,16,1,1,16.3,Normal
1,1,17,1,0,1,1,2,2,2,0,0,1,1,1,0,1,0,1,1,0,1,1,5,3,5,5,5,1,12,6,7,7,0,0,6.88,CRITIQUE
1,1,16,1,1,1,4,3,2,2,0,0,1,1,0,0,0,0,1,1,1,1,0,4,2,5,1,5,5,8,14,12,13,1,1,12.47,Normal
1,1,17,0,1,1,2,2,3,3,2,1,3,4,1,0,1,0,0,1,1,0,0,1,3,5,3,5,3,2,10,8,9,0,0,8.82,CRITIQUE
1,0,16,1,0,1,1,1,2,2,0,2,1,4,0,1,1,0,1,1,1,1,0,2,2,1,1,1,5,0,14,14,14,1,1,14.28,Normal
1,0,19,1,1,1,2,2,2,2,1,1,1,3,0,0,0,0,0,1,1,1,1,5,4,5,1,1,1,0,12,13,13,1,1,13.16,Normal
1,0,17,0,0,1,1,1,0,2,3,1,2,1,0,0,1,0,1,0,1,1,1,4,4,5,1,2,5,0,11,11,11,1,1,11.1,Normal
1,0,20,1,0,1,3,3,0,3,2,1,2,2,1,0,0,0,1,1,1,1,1,3,3,4,2,4,3,8,11,9,10,1,1,9.98,Normal
1,0,17,1,1,1,1,1,2,3,0,0,1,3,0,0,1,0,0,1,1,0,1,4,3,3,1,1,3,0,11,11,10,1,1,11.2,Normal
1,1,17,0,0,1,2,2,2,2,0,1,3,1,1,0,1,0,0,0,1,1,0,4,4,5,1,2,5,0,10,9,9,0,0,9.66,CRITIQUE
1,0,16,0,1,1,1,1,0,2,0,0,3,2,0,0,1,0,0,1,1,0,0,5,3,2,1,1,1,0,16,17,18,1,1,17.79,Normal
1,0,17,0,0,1,2,2,2,2,3,1,2,2,0,0,1,0,1,1,1,0,0,5,3,2,1,1,1,0,15,17,17,1,1,17.01,Normal
1,0,17,1,0,0,1,0,2,2,2,1,2,2,0,0,0,0,0,1,1,1,1,4,4,5,1,1,4,1,11,9,10,1,1,10.12,Normal
1,0,18,0,0,1,1,1,0,2,2,1,1,2,1,0,1,0,0,1,1,1,1,4,3,2,1,1,5,9,7,7,7,0,0,7.32,CRITIQUE
1,0,16,1,0,1,3,1,2,2,0,1,1,1,0,0,0,0,1,1,1,1,0,3,1,3,1,3,1,0,8,6,8,0,0,5.47,CRITIQUE
1,0,16,1,0,1,3,2,3,0,0,1,1,1,0,0,0,0,0,1,1,1,0,3,1,3,1,4,3,2,7,6,7,0,0,7.75,CRITIQUE
1,0,18,1,1,1,1,1,2,0,3,1,2,2,0,1,0,0,0,1,1,0,0,2,3,5,1,4,3,8,9,8,10,1,1,9.17,Normal
1,0,16,0,0,1,4,4,1,4,3,0,1,2,0,0,0,0,1,0,1,1,1,4,3,3,2,3,2,0,14,16,16,1,1,16.1,Normal
1,0,16,0,1,1,1,2,2,2,3,1,2,1,0,0,0,0,1,1,1,1,0,5,4,5,1,4,2,0,14,14,15,1,1,14.9,Normal
1,0,18,1,0,0,2,4,2,3,3,0,1,2,1,0,1,0,0,1,1,1,0,2,3,2,1,3,1,8,8,5,8,0,0,6.08,CRITIQUE
1,1,16,0,0,1,2,1,2,3,3,1,2,2,0,0,0,0,1,1,1,1,0,5,2,1,1,1,2,0,8,7,0,0,0,2.09,CRITIQUE
1,0,16,1,1,1,1,1,0,2,2,1,3,2,0,0,1,0,0,1,1,1,0,4,3,2,1,3,5,6,6,8,8,0,0,8.07,CRITIQUE
1,0,16,0,0,1,2,3,0,3,2,1,2,2,0,0,1,0,1,1,1,1,0,3,3,3,1,1,2,0,8,10,10,1,1,9.82,Normal
1,0,16,1,0,1,4,4,1,1,0,1,1,2,0,0,1,0,0,1,1,1,1,4,3,4,1,2,3,4,8,8,8,0,0,6.9,CRITIQUE
1,1,18,1,1,1,4,4,0,1,1,1,1,4,0,0,1,0,1,1,0,1,1,5,5,5,5,5,5,2,5,6,6,0,0,5.87,CRITIQUE
1,0,16,0,1,1,3,4,0,2,2,1,3,2,0,0,1,0,0,0,1,0,0,4,2,1,1,1,2,2,7,9,8,0,0,8.7,CRITIQUE
1,1,17,1,1,1,4,4,2,3,1,1,1,3,0,0,1,0,0,1,1,1,0,4,4,3,1,2,5,0,15,14,16,1,1,15.49,Normal
1,0,17,0,0,1,4,1,2,2,2,1,1,1,0,0,0,0,0,1,1,1,1,4,2,3,1,2,5,1,13,14,14,1,1,14.28,Normal
1,1,16,1,1,1,2,2,3,3,2,1,4,3,0,0,0,0,0,1,1,0,0,5,1,3,2,2,3,0,10,9,10,1,1,10.17,Normal
1,0,17,0,0,1,2,2,0,2,2,1,1,1,0,0,1,1,0,1,1,1,0,5,1,3,1,2,5,5,9,9,9,0,0,9.31,CRITIQUE
1,0,16,1,1,1,4,4,3,3,2,0,2,1,0,0,1,0,0,1,1,0,0,5,1,3,1,2,5,1,11,11,11,1,1,11.26,Normal
1,1,17,1,0,1,3,3,3,3,1,1,1,1,0,0,1,0,1,1,1,1,0,4,1,4,5,5,3,8,7,10,9,0,0,9.06,CRITIQUE
1,1,17,1,0,1,1,1,0,3,2,1,3,2,0,0,0,0,0,1,1,1,1,5,1,3,3,3,1,0,10,10,10,1,1,10.13,Normal
1,1,16,1,0,1,2,1,1,3,2,1,2,2,0,0,0,0,0,0,1,1,1,4,2,2,1,4,5,2,9,7,8,0,0,7.73,CRITIQUE
1,0,16,1,1,1,2,1,2,3,2,1,1,2,0,0,0,0,0,1,1,1,1,3,2,2,1,1,3,0,14,15,16,1,1,15.46,Normal
1,1,16,1,1,1,4,4,4,1,2,0,1,1,0,0,1,0,0,1,1,1,0,4,1,2,2,5,5,0,11,12,12,1,1,12.15,Normal
1,1,15,0,0,1,1,2,2,3,0,1,3,2,0,0,1,0,1,1,1,0,0,5,5,5,1,3,5,11,9,11,10,1,1,11.2,Normal
1,1,15,1,1,0,2,2,2,2,3,1,3,4,0,0,1,0,1,1,1,0,0,5,4,5,2,3,5,8,13,14,14,1,1,14.07,Normal
1,1,15,1,1,0,2,1,3,3,0,1,1,1,0,0,0,0,1,1,1,1,0,4,3,3,1,2,5,11,12,13,12,1,1,12.32,Normal
1,0,16,0,1,1,2,2,2,2,0,1,1,3,0,0,1,0,0,0,1,0,1,4,3,3,2,2,5,2,11,11,11,1,1,11.02,Normal
1,0,16,1,1,1,4,1,2,2,1,1,2,2,0,0,1,0,1,1,1,1,0,1,2,4,2,2,1,8,9,10,10,1,1,9.87,Normal
1,0,17,1,0,1,3,2,0,2,1,1,2,1,0,0,0,0,0,1,1,0,1,4,3,3,2,2,1,5,9,11,11,1,1,10.99,Normal
1,0,17,0,0,1,2,2,2,2,2,1,2,2,0,1,0,1,0,1,1,0,0,5,1,3,1,1,5,0,11,9,11,1,1,10.73,Normal
1,0,16,1,0,1,4,4,4,3,0,1,2,3,0,0,1,0,0,1,1,1,1,5,3,5,1,4,5,1,10,11,12,1,1,11.86,Normal
1,1,17,0,0,1,4,4,1,2,0,0,3,1,3,0,0,0,1,1,1,1,1,3,3,3,1,3,5,2,9,9,8,0,0,8.59,CRITIQUE
1,1,17,0,1,1,1,3,2,2,0,0,2,1,0,0,0,0,1,1,1,0,1,5,1,2,3,3,5,2,12,11,12,1,1,11.83,Normal
1,1,17,1,0,1,3,4,3,2,2,1,1,2,1,0,1,0,1,0,1,1,1,5,4,4,3,4,5,8,8,9,8,0,0,8.46,CRITIQUE
1,0,17,1,0,1,4,4,1,1,0,0,1,2,0,0,1,0,0,1,1,1,0,5,2,5,1,1,5,0,13,15,16,1,1,15.52,Normal
1,1,16,0,1,1,4,1,2,0,2,0,1,1,0,0,0,0,0,1,1,1,0,4,1,2,2,1,2,0,10,11,11,1,1,11.04,Normal
1,0,17,1,0,0,1,1,0,0,2,1,1,2,0,0,0,0,1,1,1,1,1,4,5,5,1,2,3,2,11,10,11,1,1,10.75,Normal
1,0,17,0,0,1,4,2,2,2,0,1,2,2,0,1,1,0,0,0,1,1,0,4,3,3,2,3,5,0,17,18,18,1,1,17.44,Normal
1,1,16,1,1,0,2,2,2,3,0,0,2,2,0,0,1,0,0,0,1,1,1,4,1,2,2,2,5,0,12,13,13,1,1,13.04,Normal
1,1,17,1,0,1,3,2,2,2,2,0,2,2,0,0,1,1,0,1,1,1,0,4,1,2,2,2,1,0,13,14,13,1,1,13.41,Normal
1,1,19,1,0,1,1,1,2,2,2,1,1,2,2,0,1,0,1,1,0,1,0,4,4,3,3,4,4,2,9,9,10,1,1,10.0,Normal
1,1,17,1,1,0,1,0,2,2,1,1,1,1,0,0,0,0,0,1,1,0,1,4,1,2,1,1,5,4,11,11,12,1,1,11.79,Normal
1,0,17,0,0,1,1,1,0,0,0,0,2,1,0,0,1,0,1,1,0,1,1,3,5,5,2,2,4,3,10,11,10,1,1,10.36,Normal
1,0,16,0,0,1,1,2,2,2,1,0,1,3,0,1,1,0,0,0,1,1,1,4,3,4,1,1,3,5,13,14,13,1,1,13.56,Normal
1,1,16,0,1,1,1,2,2,0,0,1,1,1,0,0,0,0,0,1,1,0,0,4,4,4,2,4,5,4,9,10,11,1,1,10.58,Normal
1,0,17,0,0,1,3,1,2,2,0,1,2,2,3,0,1,0,1,0,1,1,1,5,4,4,1,1,5,2,7,9,10,1,0,9.15,CRITIQUE
1,1,17,0,0,1,2,2,2,2,0,1,2,1,0,0,0,0,1,1,0,0,1,5,5,5,3,5,5,0,8,13,10,1,1,11.25,Normal
1,1,18,0,0,1,1,0,0,0,0,2,3,1,1,1,1,0,0,1,1,0,0,4,3,2,1,1,4,0,12,12,13,1,1,13.04,Normal
1,1,17,0,0,1,1,1,2,3,0,1,2,1,0,0,1,0,1,0,1,1,1,4,5,5,1,3,2,0,10,9,10,1,1,10.27,Normal
1,1,18,1,1,1,1,1,0,0,0,1,2,2,0,0,1,0,1,1,1,0,0,4,3,3,1,4,5,6,10,9,10,1,1,9.96,Normal
1,0,16,0,1,1,2,2,2,3,0,0,1,2,0,0,0,0,1,1,1,0,1,5,4,3,1,1,1,0,11,13,12,1,1,12.32,Normal
1,1,17,1,0,1,2,2,2,2,0,1,1,1,1,0,0,0,1,1,1,0,1,1,2,1,2,3,5,0,7,0,0,0,0,0.89,CRITIQUE
1,1,16,0,0,1,3,2,3,2,0,0,2,1,0,0,0,0,0,1,1,1,0,4,5,5,2,3,5,2,11,9,10,1,1,10.03,Normal
1,1,16,0,1,1,1,1,0,2,0,1,2,1,0,0,0,0,1,1,1,1,0,4,5,5,2,4,5,0,10,10,9,0,0,9.42,CRITIQUE
1,1,18,0,0,1,1,1,3,2,0,2,2,1,1,0,1,0,0,1,0,1,1,5,3,3,2,3,5,2,9,7,9,0,0,8.31,CRITIQUE
1,1,18,0,0,1,3,2,3,2,0,1,1,1,1,0,0,0,0,1,0,1,0,2,3,1,2,2,5,0,4,0,0,0,0,0.74,CRITIQUE
1,1,19,1,0,1,3,2,0,3,0,1,2,1,3,0,0,0,1,1,1,0,0,3,2,1,1,1,3,4,6,11,9,0,0,9.5,CRITIQUE
1,1,18,1,0,1,3,3,0,0,0,1,1,2,2,0,1,0,1,1,0,1,0,4,4,5,1,3,3,9,4,8,8,0,0,7.05,CRITIQUE
1,1,16,0,0,1,2,2,3,3,0,1,2,1,0,0,1,0,1,1,1,1,1,5,4,3,2,4,4,6,7,8,8,0,0,7.88,CRITIQUE
1,1,19,1,0,1,2,1,0,2,0,2,2,1,3,0,0,0,1,0,0,1,1,4,4,3,1,3,5,4,8,9,9,0,0,9.23,CRITIQUE
1,0,16,1,0,0,3,2,3,0,0,1,2,2,2,0,1,0,1,1,1,0,1,2,5,5,1,1,1,8,5,5,7,0,0,5.94,CRITIQUE
1,0,17,1,0,1,1,1,2,0,0,1,1,1,0,0,1,0,1,1,1,0,0,4,3,2,1,2,5,9,7,9,10,1,1,9.69,Normal
1,1,20,0,0,1,1,1,2,2,0,2,2,1,1,0,1,0,0,1,0,1,1,4,4,3,2,4,4,12,8,11,10,1,1,10.19,Normal
1,0,18,0,0,0,4,3,3,3,0,1,1,1,0,0,1,0,0,1,1,1,0,5,4,4,3,4,2,8,10,11,10,1,1,10.65,Normal
1,1,18,0,0,1,3,2,2,2,0,1,2,1,0,0,1,0,0,0,1,1,0,2,5,5,5,5,5,8,9,10,11,1,1,10.67,Normal
1,1,19,0,0,1,1,1,2,3,1,2,3,2,1,0,0,0,0,1,1,1,0,5,4,4,3,3,2,8,10,9,11,1,1,10.63,Normal
1,1,17,1,0,1,3,3,1,2,0,1,2,2,1,0,1,0,0,1,1,1,0,4,5,4,2,3,3,4,8,9,10,1,0,8.58,CRITIQUE
1,1,18,1,1,1,1,3,0,3,0,1,1,1,0,0,0,0,0,1,0,1,1,4,3,3,2,3,3,0,9,10,9,0,0,9.31,CRITIQUE
1,1,19,0,0,1,1,1,2,2,1,2,3,1,1,0,1,0,0,1,1,1,0,4,4,4,3,3,5,4,8,9,10,1,1,9.92,Normal
1,0,18,1,0,0,1,2,0,2,0,1,2,2,2,0,1,0,0,1,1,0,0,4,3,3,1,1,5,2,6,8,8,0,0,8.01,CRITIQUE
1,0,19,1,1,0,1,1,0,2,0,1,1,1,0,0,1,0,0,1,0,0,0,1,4,4,1,1,5,0,6,8,7,0,0,6.89,CRITIQUE
1,0,18,0,0,1,2,2,2,2,2,1,2,1,1,0,0,0,0,1,0,1,1,5,5,5,1,1,3,0,8,6,0,0,0,1.57,CRITIQUE
1,0,17,0,0,1,0,0,0,2,0,1,2,1,0,0,1,0,0,1,1,1,0,4,4,3,1,1,5,0,10,11,11,1,1,11.09,Normal
1,0,17,0,1,0,3,1,2,0,0,2,2,3,0,0,1,1,0,1,0,0,0,4,2,3,2,2,3,5,8,7,8,0,0,7.94,CRITIQUE
1,0,17,1,0,1,4,2,4,3,1,1,1,2,0,1,1,0,1,1,1,1,0,5,5,5,1,3,5,0,8,8,0,0,0,2.29,CRITIQUE
1,0,18,0,1,1,2,2,3,3,0,1,1,2,1,0,1,0,1,1,1,1,0,2,3,3,1,2,4,3,7,6,8,0,0,7.94,CRITIQUE
1,0,17,1,0,1,4,1,1,0,0,1,1,1,0,0,1,0,0,1,1,0,1,3,2,2,1,1,5,0,8,10,9,0,0,9.3,CRITIQUE
1,0,17,1,1,1,1,2,0,2,0,0,1,1,0,0,0,0,0,1,1,1,0,5,5,1,1,1,3,0,7,10,10,1,1,9.53,Normal
1,0,18,1,0,1,1,1,2,2,0,1,3,2,2,0,0,0,1,1,1,0,1,3,4,4,2,2,5,3,7,8,7,0,0,7.47,CRITIQUE
1,0,18,1,0,1,2,2,3,0,3,0,2,2,0,0,0,0,1,0,1,1,0,4,3,5,1,1,1,2,12,13,14,1,1,13.7,Normal
1,0,17,1,0,1,3,3,3,3,0,1,2,1,0,0,1,0,0,1,1,1,0,4,4,3,1,1,4,0,11,12,13,1,1,12.87,Normal
1,0,18,1,1,0,1,2,0,2,3,1,2,2,0,0,0,0,0,1,1,1,0,4,4,3,1,2,4,0,12,13,14,1,1,13.18,Normal
1,0,18,1,0,1,4,4,4,4,3,1,2,2,0,0,0,0,1,0,1,1,0,4,3,5,1,2,1,0,18,18,18,1,1,17.39,Normal
1,1,18,1,1,1,4,4,3,2,3,1,1,1,0,0,1,0,1,1,1,1,0,5,4,5,1,1,5,3,17,17,17,1,1,17.0,Normal
1,0,17,1,0,1,4,2,2,2,0,1,2,2,0,0,1,0,0,1,1,1,0,4,3,3,1,2,4,0,17,18,18,1,1,17.75,Normal
1,0,18,0,0,1,2,2,0,2,0,1,3,2,1,0,0,0,1,1,1,0,1,4,3,3,1,1,4,0,9,0,0,0,0,0.3,CRITIQUE
1,1,18,1,1,1,1,2,0,3,1,1,2,1,0,0,1,0,0,0,1,0,0,4,1,4,5,5,1,8,10,11,11,1,1,11.2,Normal
1,1,18,0,0,1,4,4,0,3,2,1,3,1,0,0,1,1,1,1,1,1,1,2,5,5,1,1,1,5,12,13,14,1,1,13.73,Normal
1,1,17,0,0,1,1,1,2,3,2,0,3,1,0,0,0,0,0,0,0,0,0,4,2,3,3,4,4,4,12,13,14,1,1,13.71,Normal
1,0,18,1,0,1,2,2,2,2,0,1,2,2,0,0,1,0,0,0,1,1,1,1,3,1,1,1,2,4,8,8,10,1,0,8.46,CRITIQUE
1,0,18,1,1,1,2,2,3,3,0,0,2,3,0,0,0,0,0,1,1,1,1,5,4,5,1,4,3,0,11,12,13,1,1,13.35,Normal
1,0,18,0,1,0,4,2,4,2,3,1,1,2,0,0,0,0,1,1,1,1,1,5,3,1,1,1,5,0,5,0,0,0,0,1.09,CRITIQUE
1,0,18,1,0,1,1,1,0,3,0,1,3,2,1,0,0,0,0,1,0,0,0,4,4,2,1,2,2,2,9,10,10,1,1,10.02,Normal
1,0,19,1,0,1,1,1,0,3,2,0,2,1,1,0,0,0,0,1,0,0,0,5,5,5,2,3,2,0,5,0,0,0,0,0.64,CRITIQUE
1,0,17,1,0,1,4,2,4,2,0,0,2,4,0,0,0,0,0,1,1,1,1,4,2,3,3,1,5,0,18,18,18,1,1,17.92,Normal
1,0,17,0,1,0,2,1,3,2,3,1,2,2,0,0,0,0,1,1,1,1,1,5,3,3,1,2,2,5,11,11,12,1,1,11.61,Normal
1,0,18,1,1,0,1,1,0,3,0,1,1,2,0,0,0,0,0,1,1,0,1,5,2,3,1,2,3,2,8,10,11,1,1,10.55,Normal
1,0,18,1,0,1,1,2,0,0,0,0,2,2,0,0,1,0,0,1,0,0,0,4,1,1,1,1,4,0,11,11,12,1,1,11.64,Normal
1,0,19,0,0,0,1,1,0,0,0,2,2,2,3,0,1,0,1,1,0,0,1,3,5,4,1,4,1,0,8,0,0,0,0,0.72,CRITIQUE
1,0,18,0,0,1,2,2,3,2,1,1,2,3,0,0,0,0,0,1,1,1,1,4,2,1,1,1,4,5,14,14,15,1,1,15.07,Normal
1,1,17,0,0,1,4,3,3,2,1,1,2,2,1,0,1,1,1,0,1,1,1,4,5,5,1,3,2,4,10,11,11,1,1,11.03,Normal
1,0,18,1,0,1,3,3,3,3,0,0,1,2,0,0,1,0,0,1,1,0,1,5,3,4,1,1,5,0,10,10,10,1,1,10.09,Normal
1,0,17,0,0,1,4,4,4,3,2,0,2,2,0,0,1,1,1,1,1,1,0,4,3,3,1,2,5,2,12,12,12,1,1,12.3,Normal
1,0,17,1,1,0,3,2,3,2,3,1,2,2,0,0,0,0,0,1,1,0,1,1,2,3,1,2,5,0,15,14,15,1,1,15.06,Normal
1,1,18,1,1,1,1,1,2,3,1,0,2,1,0,0,0,0,0,0,1,1,1,3,3,2,1,2,3,2,14,13,14,1,1,12.82,Normal
1,0,18,1,1,1,1,1,0,3,0,0,2,3,0,0,0,0,0,1,1,1,0,5,3,2,1,1,4,0,19,17,18,1,1,17.68,Normal
1,0,18,0,1,0,1,2,0,2,0,1,3,2,0,0,0,0,0,1,1,0,1,4,3,4,1,4,5,0,16,15,15,1,1,15.52,Normal
1,0,18,1,0,1,3,3,3,3,2,1,2,2,0,0,1,0,0,1,1,1,1,4,3,2,1,3,3,6,13,12,13,1,1,13.04,Normal
1,0,17,1,1,1,4,4,0,0,0,1,1,2,0,0,1,0,1,1,1,1,1,2,3,4,1,1,1,4,15,14,15,1,1,15.04,Normal
1,0,17,0,0,1,1,2,2,3,0,0,2,2,0,0,0,0,0,0,1,0,0,3,2,2,1,2,3,0,13,13,13,1,1,12.97,Normal
1,1,18,0,0,1,1,3,0,2,0,1,2,2,0,0,1,1,0,1,1,0,0,3,3,4,2,4,3,0,8,10,9,0,0,9.24,CRITIQUE
1,1,18,1,1,1,4,4,4,3,2,1,2,3,0,0,0,0,0,1,1,1,1,4,2,2,2,2,5,0,15,16,16,1,1,16.44,Normal
1,0,17,0,0,1,1,1,2,3,3,1,3,1,1,0,1,0,0,1,1,1,1,5,2,1,1,2,1,0,8,8,9,0,0,7.16,CRITIQUE
1,0,18,1,0,1,2,3,0,3,0,0,2,1,0,0,1,0,0,1,1,1,1,5,2,3,1,2,4,0,10,10,10,1,1,10.06,Normal
1,0,18,0,0,1,4,4,2,4,2,0,3,2,0,0,1,0,0,0,1,1,1,3,2,2,4,2,5,0,7,5,0,0,0,1.11,CRITIQUE
1,1,18,0,1,1,1,2,0,3,2,0,3,1,0,0,1,0,1,1,0,1,1,4,3,3,2,3,3,3,9,10,10,1,1,10.04,Normal
1,0,17,1,0,1,2,2,2,0,1,1,1,3,0,0,0,0,1,1,1,0,1,3,4,3,1,1,3,8,10,11,12,1,1,11.75,Normal
1,0,17,0,0,1,1,2,2,2,0,1,1,1,0,0,0,0,1,1,1,1,0,3,5,5,1,3,1,4,7,8,9,0,0,8.27,CRITIQUE
1,0,18,0,1,1,4,4,2,2,3,1,2,3,0,0,0,0,0,1,1,1,0,5,4,4,1,1,1,0,15,17,17,1,1,16.83,Normal
1,0,18,0,0,1,1,1,2,2,1,1,4,3,0,0,0,0,0,1,1,1,0,4,3,2,1,2,4,4,10,11,12,1,1,11.9,Normal
1,0,19,0,0,1,1,1,0,2,0,2,2,2,1,0,1,0,0,1,1,1,1,4,3,3,1,1,3,4,7,8,9,0,0,8.78,CRITIQUE
1,0,18,0,1,1,4,4,4,3,0,1,1,2,0,0,0,0,1,1,1,1,0,5,4,3,3,4,2,1,13,14,14,1,1,14.06,Normal
1,0,18,1,0,1,3,3,2,2,1,1,1,2,0,0,0,0,0,1,1,1,1,4,1,3,1,2,1,1,16,16,16,1,1,16.19,Normal
1,0,17,0,0,1,3,1,0,2,3,1,1,2,0,0,1,0,1,0,1,1,0,4,5,4,2,3,1,10,8,9,9,0,0,9.09,CRITIQUE
1,1,18,1,0,1,4,4,4,4,1,0,1,2,0,0,0,0,1,0,1,1,0,3,2,4,1,4,2,4,17,18,19,1,1,17.26,Normal
1,1,18,0,0,1,2,1,2,2,2,1,2,1,0,0,0,0,1,0,1,1,1,4,4,3,1,3,5,0,7,7,0,0,0,1.79,CRITIQUE
1,1,17,1,0,1,2,3,2,3,1,0,2,2,0,0,0,0,1,1,1,1,0,4,4,3,1,1,3,4,14,15,16,1,1,15.83,Normal
1,1,19,0,0,1,1,1,2,3,2,1,2,1,1,0,0,0,0,1,1,0,0,4,3,2,1,3,5,0,5,8,0,0,0,2.82,CRITIQUE
1,1,18,0,0,1,4,2,2,2,1,0,2,1,1,0,0,1,0,1,1,0,0,5,4,3,4,3,3,0,7,7,0,0,0,1.54,CRITIQUE
1,0,18,0,0,1,2,2,0,2,2,1,2,3,0,0,0,0,0,1,1,0,0,5,3,3,1,3,4,0,14,17,15,1,1,15.88,Normal
1,0,17,1,0,1,4,3,4,2,2,1,2,2,0,0,0,0,0,1,1,1,0,5,5,4,1,1,1,0,6,9,11,1,0,8.88,CRITIQUE
1,0,18,0,0,1,4,4,4,0,3,1,3,1,0,0,1,0,1,1,1,1,1,4,4,3,2,2,5,4,7,9,10,1,1,9.7,Normal
1,0,19,0,0,1,2,3,3,2,0,1,1,3,1,0,0,0,1,0,1,1,0,5,4,2,1,2,5,4,10,11,10,1,1,10.95,Normal
1,0,18,1,1,1,3,1,4,3,0,1,1,2,0,0,1,0,0,1,1,1,0,4,3,4,1,1,1,4,15,15,16,1,1,15.67,Normal
1,0,18,1,0,1,1,1,2,2,0,1,2,2,0,0,0,0,1,1,1,0,0,1,1,1,1,1,5,6,11,12,9,0,0,10.69,CRITIQUE
1,1,17,1,1,1,3,1,3,3,0,1,2,1,0,0,0,0,0,0,1,1,0,2,4,5,3,4,2,6,10,10,10,1,1,10.11,Normal
1,1,18,0,1,1,3,2,3,2,0,1,3,1,0,0,0,0,0,0,1,1,0,4,4,1,3,4,5,4,10,11,11,1,1,11.16,Normal
